city;city_ibge_code;confirmed;confirmed_per_100k_inhabitants;date;death_rate;deaths;estimated_population_2019;is_last;order_for_place;place_type;state
NA;33;103493; 599,44015;2020-06-24;0,0898;9295;17264943;TRUE;104;state;RJ
Angra dos Reis;3300100;  1908; 936,28088;2020-06-23;0,0393;  75;  203785;TRUE; 86;city;RJ
AperibÃ©;3300159;    69; 586,78459;2020-06-23;0,0145;   1;   11759;TRUE; 62;city;RJ
Araruama;3300209;   303; 228,85196;2020-06-23;0,1122;  34;  132400;TRUE; 82;city;RJ
Areal;3300225;    82; 652,24308;2020-06-23;0,0122;   1;   12572;TRUE; 70;city;RJ
ArmaÃ§Ã£o dos BÃºzios;3300233;   372;1098,31709;2020-06-23;0,0134;   5;   33870;TRUE; 71;city;RJ
Arraial do Cabo;3300258;    67; 220,76510;2020-06-23;0,0597;   4;   30349;TRUE; 84;city;RJ
Barra do PiraÃ­;3300308;   341; 339,72941;2020-06-23;0,0674;  23;  100374;TRUE; 82;city;RJ
Barra Mansa;3300407;   389; 210,94072;2020-06-23;0,0746;  29;  184412;TRUE;103;city;RJ
Belford Roxo;3300456;  1329; 260,12613;2020-06-23;0,1226; 163;  510906;TRUE; 90;city;RJ
Bom Jardim;3300506;    45; 163,95832;2020-06-23;0,0444;   2;   27446;TRUE; 78;city;RJ
Bom Jesus do Itabapoana;3300605;   104; 280,35368;2020-06-23;0,0192;   2;   37096;TRUE; 75;city;RJ
Cabo Frio;3300704;   700; 309,01666;2020-06-23;0,0471;  33;  226525;TRUE; 78;city;RJ
Cachoeiras de Macacu;3300803;   289; 490,35411;2020-06-23;0,0623;  18;   58937;TRUE; 75;city;RJ
Cambuci;3300902;    47; 303,12802;2020-06-23;0,0000;   0;   15505;TRUE; 41;city;RJ
Campos dos Goytacazes;3301009;  1561; 307,55712;2020-06-23;0,0525;  82;  507548;TRUE; 92;city;RJ
Cantagalo;3301108;    19;  94,18997;2020-06-23;0,0526;   1;   20172;TRUE; 76;city;RJ
Carapebus;3300936;    94; 576,65174;2020-06-23;0,0106;   1;   16301;TRUE; 70;city;RJ
Cardoso Moreira;3301157;    82; 639,47594;2020-06-23;0,0000;   0;   12823;TRUE; 47;city;RJ
Carmo;3301207;    60; 317,54432;2020-06-23;0,0333;   2;   18895;TRUE; 53;city;RJ
Casimiro de Abreu;3301306;   306; 692,55839;2020-06-23;0,0327;  10;   44184;TRUE; 78;city;RJ
Comendador Levy Gasparian;3300951;    40; 467,23514;2020-06-23;0,0000;   0;    8561;TRUE; 37;city;RJ
ConceiÃ§Ã£o de Macabu;3301405;   156; 671,60324;2020-06-23;0,0064;   1;   23228;TRUE; 63;city;RJ
Cordeiro;3301504;    29; 132,26307;2020-06-23;0,0000;   0;   21926;TRUE; 59;city;RJ
Duas Barras;3301603;     7;  60,91194;2020-06-23;0,0000;   0;   11492;TRUE; 28;city;RJ
Duque de Caxias;3301702;  2775; 301,76295;2020-06-23;0,1380; 383;  919596;TRUE; 92;city;RJ
Engenheiro Paulo de Frontin;3301801;    46; 328,52450;2020-06-23;0,0435;   2;   14002;TRUE; 50;city;RJ
Guapimirim;3301850;   699;1155,04734;2020-06-23;0,0486;  34;   60517;TRUE; 97;city;RJ
Iguaba Grande;3301876;   154; 543,97739;2020-06-23;0,1299;  20;   28310;TRUE; 82;city;RJ
Importados/Indefinidos;NA;     0;NA;2020-06-23;0,0000;   0;NA;TRUE; 95;city;RJ
ItaboraÃ­;3301900;  2213; 919,81446;2020-06-23;0,0533; 118;  240592;TRUE; 89;city;RJ
ItaguaÃ­;3302007;  1238; 930,69411;2020-06-23;0,0582;  72;  133019;TRUE; 83;city;RJ
Italva;3302056;   139; 914,05274;2020-06-23;0,0216;   3;   15207;TRUE; 58;city;RJ
Itaocara;3302106;    89; 383,05931;2020-06-23;0,0449;   4;   23234;TRUE; 54;city;RJ
Itaperuna;3302205;   554; 536,69689;2020-06-23;0,0018;   1;  103224;TRUE; 80;city;RJ
Itatiaia;3302254;    23;  72,31567;2020-06-23;0,0000;   0;   31805;TRUE; 75;city;RJ
Japeri;3302270;   156; 148,90043;2020-06-23;0,1154;  18;  104768;TRUE; 78;city;RJ
Laje do MuriaÃ©;3302304;    91;1237,25357;2020-06-23;0,0000;   0;    7355;TRUE; 44;city;RJ
MacaÃ©;3302403;  1853; 721,93305;2020-06-23;0,0372;  69;  256672;TRUE; 85;city;RJ
Macuco;3302452;     9; 160,74299;2020-06-23;0,0000;   0;    5599;TRUE; 62;city;RJ
MagÃ©;3302502;  1496; 610,43534;2020-06-23;0,0856; 128;  245071;TRUE; 83;city;RJ
Mangaratiba;3302601;   289; 649,90555;2020-06-23;0,0761;  22;   44468;TRUE; 88;city;RJ
MaricÃ¡;3302700;  1092; 677,38994;2020-06-23;0,0449;  49;  161207;TRUE; 87;city;RJ
Mendes;3302809;    49; 263,24272;2020-06-23;0,0408;   2;   18614;TRUE; 70;city;RJ
Mesquita;3302858;   678; 385,00196;2020-06-23;0,1519; 103;  176103;TRUE; 83;city;RJ
Miguel Pereira;3302908;    72; 281,93281;2020-06-23;0,0417;   3;   25538;TRUE; 96;city;RJ
Miracema;3303005;   105; 386,39876;2020-06-23;0,0000;   0;   27174;TRUE; 55;city;RJ
Natividade;3303104;   146; 953,18927;2020-06-23;0,0068;   1;   15317;TRUE; 47;city;RJ
NilÃ³polis;3303203;   629; 387,11266;2020-06-23;0,1097;  69;  162485;TRUE; 82;city;RJ
NiterÃ³i;3303302;  5540;1078,69404;2020-06-23;0,0323; 179;  513584;TRUE;100;city;RJ
Nova Friburgo;3303401;   374; 196,19055;2020-06-23;0,0856;  32;  190631;TRUE; 81;city;RJ
Nova IguaÃ§u;3303500;  3051; 371,56205;2020-06-23;0,1059; 323;  821128;TRUE; 88;city;RJ
Paracambi;3303609;   318; 608,53091;2020-06-23;0,0660;  21;   52257;TRUE; 75;city;RJ
ParaÃ­ba do Sul;3303708;   257; 580,33194;2020-06-23;0,0428;  11;   44285;TRUE; 81;city;RJ
Paraty;3303807;   188; 435,53805;2020-06-23;0,0479;   9;   43165;TRUE; 76;city;RJ
Paty do Alferes;3303856;    41; 147,64666;2020-06-23;0,0976;   4;   27769;TRUE; 76;city;RJ
PetrÃ³polis;3303906;   776; 253,43658;2020-06-23;0,1070;  83;  306191;TRUE; 95;city;RJ
Pinheiral;3303955;   101; 401,49467;2020-06-23;0,0099;   1;   25156;TRUE; 67;city;RJ
PiraÃ­;3304003;   171; 584,07624;2020-06-23;0,0351;   6;   29277;TRUE; 73;city;RJ
PorciÃºncula;3304102;    73; 387,32955;2020-06-23;0,0274;   2;   18847;TRUE; 82;city;RJ
Porto Real;3304110;    35; 177,81842;2020-06-23;0,0000;   0;   19683;TRUE; 78;city;RJ
Quatis;3304128;    22; 153,82464;2020-06-23;0,0000;   0;   14302;TRUE; 78;city;RJ
Queimados;3304144;  1546;1028,47943;2020-06-23;0,0181;  28;  150319;TRUE; 86;city;RJ
QuissamÃ£;3304151;   174; 704,45344;2020-06-23;0,0057;   1;   24700;TRUE; 70;city;RJ
Resende;3304201;   333; 253,53850;2020-06-23;0,0631;  21;  131341;TRUE; 91;city;RJ
Rio Bonito;3304300;   371; 616,26883;2020-06-23;0,0512;  19;   60201;TRUE; 86;city;RJ
Rio Claro;3304409;   116; 626,04566;2020-06-23;0,0000;   0;   18529;TRUE; 39;city;RJ
Rio das Flores;3304508;     7;  75,39854;2020-06-23;0,1429;   1;    9284;TRUE; 77;city;RJ
Rio das Ostras;3304524;   669; 444,00494;2020-06-23;0,0404;  27;  150674;TRUE; 87;city;RJ
Rio de Janeiro;3304557; 52325; 778,77296;2020-06-23;0,1147;6000; 6718903;TRUE;102;city;RJ
Santa Maria Madalena;3304607;    16; 153,78700;2020-06-23;0,0000;   0;   10404;TRUE; 59;city;RJ
Santo AntÃ´nio de PÃ¡dua;3304706;   285; 670,91975;2020-06-23;0,0105;   3;   42479;TRUE; 65;city;RJ
SÃ£o FidÃ©lis;3304805;   142; 367,21922;2020-06-23;0,0000;   0;   38669;TRUE; 73;city;RJ
SÃ£o Francisco de Itabapoana;3304755;   143; 338,82241;2020-06-23;0,0699;  10;   42205;TRUE; 75;city;RJ
SÃ£o GonÃ§alo;3304904;  4186; 385,86371;2020-06-23;0,0898; 376; 1084839;TRUE; 93;city;RJ
SÃ£o JoÃ£o da Barra;3305000;   213; 589,99501;2020-06-23;0,0329;   7;   36102;TRUE; 80;city;RJ
SÃ£o JoÃ£o de Meriti;3305109;  1527; 323,23891;2020-06-23;0,1179; 180;  472406;TRUE; 86;city;RJ
SÃ£o JosÃ© de UbÃ¡;3305133;    78;1087,71441;2020-06-23;0,0000;   0;    7171;TRUE; 59;city;RJ
SÃ£o JosÃ© do Vale do Rio Preto;3305158;   158; 724,93691;2020-06-23;0,0063;   1;   21795;TRUE; 58;city;RJ
SÃ£o Pedro da Aldeia;3305208;   339; 324,47643;2020-06-23;0,0236;   8;  104476;TRUE; 85;city;RJ
SÃ£o SebastiÃ£o do Alto;3305307;    11; 117,55905;2020-06-23;0,0909;   1;    9357;TRUE; 61;city;RJ
Sapucaia;3305406;   147; 806,45161;2020-06-23;0,0884;  13;   18228;TRUE; 78;city;RJ
Saquarema;3305505;   188; 210,83324;2020-06-23;0,1011;  19;   89170;TRUE; 73;city;RJ
SeropÃ©dica;3305554;   421; 511,46856;2020-06-23;0,0546;  23;   82312;TRUE; 87;city;RJ
Silva Jardim;3305604;   101; 463,85598;2020-06-23;0,0396;   4;   21774;TRUE; 70;city;RJ
Sumidouro;3305703;    28; 179,22294;2020-06-23;0,0714;   2;   15623;TRUE; 76;city;RJ
TanguÃ¡;3305752;   321; 935,61456;2020-06-23;0,0841;  27;   34309;TRUE; 80;city;RJ
TeresÃ³polis;3305802;   844; 462,22767;2020-06-23;0,0509;  43;  182594;TRUE; 86;city;RJ
Trajano de Moraes;3305901;    33; 310,55901;2020-06-23;0,0000;   0;   10626;TRUE; 80;city;RJ
TrÃªs Rios;3306008;   352; 430,29681;2020-06-23;0,0114;   4;   81804;TRUE; 82;city;RJ
ValenÃ§a;3306107;   156; 203,86028;2020-06-23;0,0449;   7;   76523;TRUE; 91;city;RJ
Varre-Sai;3306156;    33; 300,00000;2020-06-23;0,0000;   0;   11000;TRUE; 37;city;RJ
Vassouras;3306206;   218; 590,84996;2020-06-23;0,0596;  13;   36896;TRUE; 62;city;RJ
Volta Redonda;3306305;  1447; 530,01333;2020-06-23;0,0387;  56;  273012;TRUE; 92;city;RJ
NA;33;100869; 584,24172;2020-06-23;0,0907;9153;17264943;FALSE;103;state;RJ
Angra dos Reis;3300100;  1864; 914,68950;2020-06-22;0,0386;  72;  203785;FALSE; 85;city;RJ
AperibÃ©;3300159;    63; 535,75984;2020-06-22;0,0000;   0;   11759;FALSE; 61;city;RJ
Araruama;3300209;   297; 224,32024;2020-06-22;0,1010;  30;  132400;FALSE; 81;city;RJ
Areal;3300225;    82; 652,24308;2020-06-22;0,0122;   1;   12572;FALSE; 69;city;RJ
ArmaÃ§Ã£o dos BÃºzios;3300233;   161; 475,34691;2020-06-22;0,0311;   5;   33870;FALSE; 70;city;RJ
Arraial do Cabo;3300258;    67; 220,76510;2020-06-22;0,0597;   4;   30349;FALSE; 83;city;RJ
Barra do PiraÃ­;3300308;   330; 328,77040;2020-06-22;0,0697;  23;  100374;FALSE; 81;city;RJ
Barra Mansa;3300407;   362; 196,29959;2020-06-22;0,0773;  28;  184412;FALSE;102;city;RJ
Belford Roxo;3300456;  1294; 253,27555;2020-06-22;0,1252; 162;  510906;FALSE; 89;city;RJ
Bom Jardim;3300506;    43; 156,67128;2020-06-22;0,0465;   2;   27446;FALSE; 77;city;RJ
Bom Jesus do Itabapoana;3300605;   100; 269,57084;2020-06-22;0,0200;   2;   37096;FALSE; 74;city;RJ
Cabo Frio;3300704;   672; 296,65600;2020-06-22;0,0491;  33;  226525;FALSE; 77;city;RJ
Cachoeiras de Macacu;3300803;   274; 464,90320;2020-06-22;0,0657;  18;   58937;FALSE; 74;city;RJ
Cambuci;3300902;    46; 296,67849;2020-06-22;0,0000;   0;   15505;FALSE; 40;city;RJ
Campos dos Goytacazes;3301009;  1502; 295,93260;2020-06-22;0,0513;  77;  507548;FALSE; 91;city;RJ
Cantagalo;3301108;    18;  89,23260;2020-06-22;0,0556;   1;   20172;FALSE; 75;city;RJ
Carapebus;3300936;    88; 539,84418;2020-06-22;0,0114;   1;   16301;FALSE; 69;city;RJ
Cardoso Moreira;3301157;    69; 538,09561;2020-06-22;0,0000;   0;   12823;FALSE; 46;city;RJ
Carmo;3301207;    60; 317,54432;2020-06-22;0,0333;   2;   18895;FALSE; 52;city;RJ
Casimiro de Abreu;3301306;   291; 658,60945;2020-06-22;0,0309;   9;   44184;FALSE; 77;city;RJ
Comendador Levy Gasparian;3300951;    40; 467,23514;2020-06-22;0,0000;   0;    8561;FALSE; 36;city;RJ
ConceiÃ§Ã£o de Macabu;3301405;   156; 671,60324;2020-06-22;0,0064;   1;   23228;FALSE; 62;city;RJ
Cordeiro;3301504;    26; 118,58068;2020-06-22;0,0000;   0;   21926;FALSE; 58;city;RJ
Duas Barras;3301603;     7;  60,91194;2020-06-22;0,0000;   0;   11492;FALSE; 27;city;RJ
Duque de Caxias;3301702;  2655; 288,71374;2020-06-22;0,1401; 372;  919596;FALSE; 91;city;RJ
Engenheiro Paulo de Frontin;3301801;    42; 299,95715;2020-06-22;0,0476;   2;   14002;FALSE; 49;city;RJ
Guapimirim;3301850;   685;1131,91335;2020-06-22;0,0482;  33;   60517;FALSE; 96;city;RJ
Iguaba Grande;3301876;   146; 515,71883;2020-06-22;0,1370;  20;   28310;FALSE; 81;city;RJ
Importados/Indefinidos;NA;     0;NA;2020-06-22;0,0000;   0;NA;FALSE; 94;city;RJ
ItaboraÃ­;3301900;  2114; 878,66596;2020-06-22;0,0544; 115;  240592;FALSE; 88;city;RJ
ItaguaÃ­;3302007;  1208; 908,14094;2020-06-22;0,0571;  69;  133019;FALSE; 82;city;RJ
Italva;3302056;   124; 815,41395;2020-06-22;0,0242;   3;   15207;FALSE; 57;city;RJ
Itaocara;3302106;    88; 378,75527;2020-06-22;0,0455;   4;   23234;FALSE; 53;city;RJ
Itaperuna;3302205;   517; 500,85251;2020-06-22;0,0019;   1;  103224;FALSE; 79;city;RJ
Itatiaia;3302254;    21;  66,02735;2020-06-22;0,0000;   0;   31805;FALSE; 74;city;RJ
Japeri;3302270;   155; 147,94594;2020-06-22;0,1161;  18;  104768;FALSE; 77;city;RJ
Laje do MuriaÃ©;3302304;    91;1237,25357;2020-06-22;0,0000;   0;    7355;FALSE; 43;city;RJ
MacaÃ©;3302403;  1785; 695,44009;2020-06-22;0,0359;  64;  256672;FALSE; 84;city;RJ
Macuco;3302452;     8; 142,88266;2020-06-22;0,0000;   0;    5599;FALSE; 61;city;RJ
MagÃ©;3302502;  1375; 561,06190;2020-06-22;0,0916; 126;  245071;FALSE; 82;city;RJ
Mangaratiba;3302601;   257; 577,94369;2020-06-22;0,0817;  21;   44468;FALSE; 87;city;RJ
MaricÃ¡;3302700;  1010; 626,52366;2020-06-22;0,0485;  49;  161207;FALSE; 86;city;RJ
Mendes;3302809;    47; 252,49812;2020-06-22;0,0426;   2;   18614;FALSE; 69;city;RJ
Mesquita;3302858;   664; 377,05207;2020-06-22;0,1521; 101;  176103;FALSE; 82;city;RJ
Miguel Pereira;3302908;    71; 278,01707;2020-06-22;0,0423;   3;   25538;FALSE; 95;city;RJ
Miracema;3303005;    97; 356,95886;2020-06-22;0,0000;   0;   27174;FALSE; 54;city;RJ
Natividade;3303104;   140; 914,01711;2020-06-22;0,0071;   1;   15317;FALSE; 46;city;RJ
NilÃ³polis;3303203;   607; 373,57295;2020-06-22;0,1104;  67;  162485;FALSE; 81;city;RJ
NiterÃ³i;3303302;  5426;1056,49709;2020-06-22;0,0324; 176;  513584;FALSE; 99;city;RJ
Nova Friburgo;3303401;   359; 188,32194;2020-06-22;0,0836;  30;  190631;FALSE; 80;city;RJ
Nova IguaÃ§u;3303500;  2977; 362,55005;2020-06-22;0,1065; 317;  821128;FALSE; 87;city;RJ
Paracambi;3303609;   313; 598,96282;2020-06-22;0,0607;  19;   52257;FALSE; 74;city;RJ
ParaÃ­ba do Sul;3303708;   252; 569,04144;2020-06-22;0,0437;  11;   44285;FALSE; 80;city;RJ
Paraty;3303807;   181; 419,32121;2020-06-22;0,0442;   8;   43165;FALSE; 75;city;RJ
Paty do Alferes;3303856;    38; 136,84324;2020-06-22;0,1053;   4;   27769;FALSE; 75;city;RJ
PetrÃ³polis;3303906;   761; 248,53768;2020-06-22;0,1091;  83;  306191;FALSE; 94;city;RJ
Pinheiral;3303955;    98; 389,56909;2020-06-22;0,0102;   1;   25156;FALSE; 66;city;RJ
PiraÃ­;3304003;   164; 560,16668;2020-06-22;0,0366;   6;   29277;FALSE; 72;city;RJ
PorciÃºncula;3304102;    72; 382,02366;2020-06-22;0,0278;   2;   18847;FALSE; 81;city;RJ
Porto Real;3304110;    32; 162,57684;2020-06-22;0,0000;   0;   19683;FALSE; 77;city;RJ
Quatis;3304128;    21; 146,83261;2020-06-22;0,0000;   0;   14302;FALSE; 77;city;RJ
Queimados;3304144;  1527;1015,83965;2020-06-22;0,0183;  28;  150319;FALSE; 85;city;RJ
QuissamÃ£;3304151;   160; 647,77328;2020-06-22;0,0063;   1;   24700;FALSE; 69;city;RJ
Resende;3304201;   327; 248,97024;2020-06-22;0,0642;  21;  131341;FALSE; 90;city;RJ
Rio Bonito;3304300;   362; 601,31891;2020-06-22;0,0525;  19;   60201;FALSE; 85;city;RJ
Rio Claro;3304409;   116; 626,04566;2020-06-22;0,0000;   0;   18529;FALSE; 38;city;RJ
Rio das Flores;3304508;     7;  75,39854;2020-06-22;0,1429;   1;    9284;FALSE; 76;city;RJ
Rio das Ostras;3304524;   660; 438,03178;2020-06-22;0,0409;  27;  150674;FALSE; 86;city;RJ
Rio de Janeiro;3304557; 50922; 757,89158;2020-06-22;0,1154;5875; 6718903;FALSE;101;city;RJ
Santa Maria Madalena;3304607;    15; 144,17532;2020-06-22;0,0000;   0;   10404;FALSE; 58;city;RJ
Santo AntÃ´nio de PÃ¡dua;3304706;   276; 649,73281;2020-06-22;0,0109;   3;   42479;FALSE; 64;city;RJ
SÃ£o FidÃ©lis;3304805;   139; 359,46107;2020-06-22;0,0000;   0;   38669;FALSE; 72;city;RJ
SÃ£o Francisco de Itabapoana;3304755;   141; 334,08364;2020-06-22;0,0709;  10;   42205;FALSE; 74;city;RJ
SÃ£o GonÃ§alo;3304904;  4026; 371,11498;2020-06-22;0,0872; 351; 1084839;FALSE; 92;city;RJ
SÃ£o JoÃ£o da Barra;3305000;   209; 578,91530;2020-06-22;0,0335;   7;   36102;FALSE; 79;city;RJ
SÃ£o JoÃ£o de Meriti;3305109;  1489; 315,19498;2020-06-22;0,1182; 176;  472406;FALSE; 85;city;RJ
SÃ£o JosÃ© de UbÃ¡;3305133;    77;1073,76935;2020-06-22;0,0000;   0;    7171;FALSE; 58;city;RJ
SÃ£o JosÃ© do Vale do Rio Preto;3305158;   155; 711,17229;2020-06-22;0,0065;   1;   21795;FALSE; 57;city;RJ
SÃ£o Pedro da Aldeia;3305208;   322; 308,20476;2020-06-22;0,0217;   7;  104476;FALSE; 84;city;RJ
SÃ£o SebastiÃ£o do Alto;3305307;    11; 117,55905;2020-06-22;0,0909;   1;    9357;FALSE; 60;city;RJ
Sapucaia;3305406;   147; 806,45161;2020-06-22;0,0884;  13;   18228;FALSE; 77;city;RJ
Saquarema;3305505;   183; 205,22597;2020-06-22;0,1038;  19;   89170;FALSE; 72;city;RJ
SeropÃ©dica;3305554;   402; 488,38565;2020-06-22;0,0547;  22;   82312;FALSE; 86;city;RJ
Silva Jardim;3305604;   100; 459,26334;2020-06-22;0,0400;   4;   21774;FALSE; 69;city;RJ
Sumidouro;3305703;    25; 160,02048;2020-06-22;0,0800;   2;   15623;FALSE; 75;city;RJ
TanguÃ¡;3305752;   299; 871,49145;2020-06-22;0,0870;  26;   34309;FALSE; 79;city;RJ
TeresÃ³polis;3305802;   812; 444,70245;2020-06-22;0,0517;  42;  182594;FALSE; 85;city;RJ
Trajano de Moraes;3305901;    33; 310,55901;2020-06-22;0,0000;   0;   10626;FALSE; 79;city;RJ
TrÃªs Rios;3306008;   327; 399,73595;2020-06-22;0,0122;   4;   81804;FALSE; 81;city;RJ
ValenÃ§a;3306107;   154; 201,24668;2020-06-22;0,0455;   7;   76523;FALSE; 90;city;RJ
Varre-Sai;3306156;    32; 290,90909;2020-06-22;0,0000;   0;   11000;FALSE; 36;city;RJ
Vassouras;3306206;   211; 571,87771;2020-06-22;0,0616;  13;   36896;FALSE; 61;city;RJ
Volta Redonda;3306305;  1393; 510,23398;2020-06-22;0,0388;  54;  273012;FALSE; 91;city;RJ
NA;33; 97572; 565,14522;2020-06-22;0,0916;8933;17264943;FALSE;102;state;RJ
Angra dos Reis;3300100;  1845; 905,36595;2020-06-21;0,0369;  68;  203785;FALSE; 84;city;RJ
AperibÃ©;3300159;    62; 527,25572;2020-06-21;0,0000;   0;   11759;FALSE; 60;city;RJ
Araruama;3300209;   294; 222,05438;2020-06-21;0,1020;  30;  132400;FALSE; 80;city;RJ
Areal;3300225;    82; 652,24308;2020-06-21;0,0122;   1;   12572;FALSE; 68;city;RJ
ArmaÃ§Ã£o dos BÃºzios;3300233;   160; 472,39445;2020-06-21;0,0312;   5;   33870;FALSE; 69;city;RJ
Arraial do Cabo;3300258;    65; 214,17510;2020-06-21;0,0615;   4;   30349;FALSE; 82;city;RJ
Barra do PiraÃ­;3300308;   283; 281,94552;2020-06-21;0,0813;  23;  100374;FALSE; 80;city;RJ
Barra Mansa;3300407;   272; 147,49582;2020-06-21;0,1029;  28;  184412;FALSE;101;city;RJ
Belford Roxo;3300456;  1268; 248,18655;2020-06-21;0,1270; 161;  510906;FALSE; 88;city;RJ
Bom Jardim;3300506;    42; 153,02776;2020-06-21;0,0476;   2;   27446;FALSE; 76;city;RJ
Bom Jesus do Itabapoana;3300605;   100; 269,57084;2020-06-21;0,0200;   2;   37096;FALSE; 73;city;RJ
Cabo Frio;3300704;   669; 295,33164;2020-06-21;0,0493;  33;  226525;FALSE; 76;city;RJ
Cachoeiras de Macacu;3300803;   271; 459,81302;2020-06-21;0,0664;  18;   58937;FALSE; 73;city;RJ
Cambuci;3300902;    45; 290,22896;2020-06-21;0,0000;   0;   15505;FALSE; 39;city;RJ
Campos dos Goytacazes;3301009;  1498; 295,14450;2020-06-21;0,0514;  77;  507548;FALSE; 90;city;RJ
Cantagalo;3301108;    18;  89,23260;2020-06-21;0,0556;   1;   20172;FALSE; 74;city;RJ
Carapebus;3300936;    82; 503,03662;2020-06-21;0,0122;   1;   16301;FALSE; 68;city;RJ
Cardoso Moreira;3301157;    64; 499,10317;2020-06-21;0,0000;   0;   12823;FALSE; 45;city;RJ
Carmo;3301207;    60; 317,54432;2020-06-21;0,0333;   2;   18895;FALSE; 51;city;RJ
Casimiro de Abreu;3301306;   283; 640,50335;2020-06-21;0,0318;   9;   44184;FALSE; 76;city;RJ
Comendador Levy Gasparian;3300951;    40; 467,23514;2020-06-21;0,0000;   0;    8561;FALSE; 35;city;RJ
ConceiÃ§Ã£o de Macabu;3301405;   154; 662,99294;2020-06-21;0,0065;   1;   23228;FALSE; 61;city;RJ
Cordeiro;3301504;    26; 118,58068;2020-06-21;0,0000;   0;   21926;FALSE; 57;city;RJ
Duas Barras;3301603;     6;  52,21023;2020-06-21;0,0000;   0;   11492;FALSE; 26;city;RJ
Duque de Caxias;3301702;  2630; 285,99515;2020-06-21;0,1411; 371;  919596;FALSE; 90;city;RJ
Engenheiro Paulo de Frontin;3301801;    42; 299,95715;2020-06-21;0,0476;   2;   14002;FALSE; 48;city;RJ
Guapimirim;3301850;   681;1125,30363;2020-06-21;0,0485;  33;   60517;FALSE; 95;city;RJ
Iguaba Grande;3301876;   146; 515,71883;2020-06-21;0,1370;  20;   28310;FALSE; 80;city;RJ
Importados/Indefinidos;NA;     0;NA;2020-06-21;0,0000;   0;NA;FALSE; 93;city;RJ
ItaboraÃ­;3301900;  2095; 870,76877;2020-06-21;0,0549; 115;  240592;FALSE; 87;city;RJ
ItaguaÃ­;3302007;  1189; 893,85727;2020-06-21;0,0580;  69;  133019;FALSE; 81;city;RJ
Italva;3302056;   124; 815,41395;2020-06-21;0,0242;   3;   15207;FALSE; 56;city;RJ
Itaocara;3302106;    83; 357,23509;2020-06-21;0,0482;   4;   23234;FALSE; 52;city;RJ
Itaperuna;3302205;   511; 495,03991;2020-06-21;0,0020;   1;  103224;FALSE; 78;city;RJ
Itatiaia;3302254;    18;  56,59488;2020-06-21;0,0000;   0;   31805;FALSE; 73;city;RJ
Japeri;3302270;   154; 146,99145;2020-06-21;0,1169;  18;  104768;FALSE; 76;city;RJ
Laje do MuriaÃ©;3302304;    85;1155,67641;2020-06-21;0,0000;   0;    7355;FALSE; 42;city;RJ
MacaÃ©;3302403;  1757; 684,53123;2020-06-21;0,0364;  64;  256672;FALSE; 83;city;RJ
Macuco;3302452;     8; 142,88266;2020-06-21;0,0000;   0;    5599;FALSE; 60;city;RJ
MagÃ©;3302502;  1327; 541,47574;2020-06-21;0,0934; 124;  245071;FALSE; 81;city;RJ
Mangaratiba;3302601;   254; 571,19727;2020-06-21;0,0827;  21;   44468;FALSE; 86;city;RJ
MaricÃ¡;3302700;   979; 607,29373;2020-06-21;0,0501;  49;  161207;FALSE; 85;city;RJ
Mendes;3302809;    40; 214,89202;2020-06-21;0,0500;   2;   18614;FALSE; 68;city;RJ
Mesquita;3302858;   654; 371,37357;2020-06-21;0,1529; 100;  176103;FALSE; 81;city;RJ
Miguel Pereira;3302908;    64; 250,60694;2020-06-21;0,0469;   3;   25538;FALSE; 94;city;RJ
Miracema;3303005;    88; 323,83896;2020-06-21;0,0000;   0;   27174;FALSE; 53;city;RJ
Natividade;3303104;   123; 803,02931;2020-06-21;0,0081;   1;   15317;FALSE; 45;city;RJ
NilÃ³polis;3303203;   600; 369,26486;2020-06-21;0,1083;  65;  162485;FALSE; 80;city;RJ
NiterÃ³i;3303302;  5370;1045,59332;2020-06-21;0,0326; 175;  513584;FALSE; 98;city;RJ
Nova Friburgo;3303401;   349; 183,07620;2020-06-21;0,0860;  30;  190631;FALSE; 79;city;RJ
Nova IguaÃ§u;3303500;  2899; 353,05093;2020-06-21;0,1087; 315;  821128;FALSE; 86;city;RJ
Paracambi;3303609;   312; 597,04920;2020-06-21;0,0609;  19;   52257;FALSE; 73;city;RJ
ParaÃ­ba do Sul;3303708;   252; 569,04144;2020-06-21;0,0437;  11;   44285;FALSE; 79;city;RJ
Paraty;3303807;   179; 414,68783;2020-06-21;0,0447;   8;   43165;FALSE; 74;city;RJ
Paty do Alferes;3303856;    38; 136,84324;2020-06-21;0,1053;   4;   27769;FALSE; 74;city;RJ
PetrÃ³polis;3303906;   759; 247,88449;2020-06-21;0,1094;  83;  306191;FALSE; 93;city;RJ
Pinheiral;3303955;    96; 381,61870;2020-06-21;0,0104;   1;   25156;FALSE; 65;city;RJ
PiraÃ­;3304003;   163; 556,75103;2020-06-21;0,0368;   6;   29277;FALSE; 71;city;RJ
PorciÃºncula;3304102;    72; 382,02366;2020-06-21;0,0278;   2;   18847;FALSE; 80;city;RJ
Porto Real;3304110;    32; 162,57684;2020-06-21;0,0000;   0;   19683;FALSE; 76;city;RJ
Quatis;3304128;    21; 146,83261;2020-06-21;0,0000;   0;   14302;FALSE; 76;city;RJ
Queimados;3304144;  1487; 989,22957;2020-06-21;0,0188;  28;  150319;FALSE; 84;city;RJ
QuissamÃ£;3304151;   157; 635,62753;2020-06-21;0,0064;   1;   24700;FALSE; 68;city;RJ
Resende;3304201;   318; 242,11785;2020-06-21;0,0660;  21;  131341;FALSE; 89;city;RJ
Rio Bonito;3304300;   304; 504,97500;2020-06-21;0,0625;  19;   60201;FALSE; 84;city;RJ
Rio Claro;3304409;   113; 609,85482;2020-06-21;0,0000;   0;   18529;FALSE; 37;city;RJ
Rio das Flores;3304508;     5;  53,85610;2020-06-21;0,2000;   1;    9284;FALSE; 75;city;RJ
Rio das Ostras;3304524;   638; 423,43072;2020-06-21;0,0423;  27;  150674;FALSE; 85;city;RJ
Rio de Janeiro;3304557; 50430; 750,56895;2020-06-21;0,1156;5832; 6718903;FALSE;100;city;RJ
Santa Maria Madalena;3304607;     8;  76,89350;2020-06-21;0,0000;   0;   10404;FALSE; 57;city;RJ
Santo AntÃ´nio de PÃ¡dua;3304706;   274; 645,02460;2020-06-21;0,0109;   3;   42479;FALSE; 63;city;RJ
SÃ£o FidÃ©lis;3304805;   138; 356,87502;2020-06-21;0,0000;   0;   38669;FALSE; 71;city;RJ
SÃ£o Francisco de Itabapoana;3304755;   133; 315,12854;2020-06-21;0,0752;  10;   42205;FALSE; 73;city;RJ
SÃ£o GonÃ§alo;3304904;  3927; 361,98920;2020-06-21;0,0894; 351; 1084839;FALSE; 91;city;RJ
SÃ£o JoÃ£o da Barra;3305000;   204; 565,06565;2020-06-21;0,0343;   7;   36102;FALSE; 78;city;RJ
SÃ£o JoÃ£o de Meriti;3305109;  1478; 312,86648;2020-06-21;0,1184; 175;  472406;FALSE; 84;city;RJ
SÃ£o JosÃ© de UbÃ¡;3305133;    76;1059,82429;2020-06-21;0,0000;   0;    7171;FALSE; 57;city;RJ
SÃ£o JosÃ© do Vale do Rio Preto;3305158;   153; 701,99587;2020-06-21;0,0065;   1;   21795;FALSE; 56;city;RJ
SÃ£o Pedro da Aldeia;3305208;   323; 309,16191;2020-06-21;0,0217;   7;  104476;FALSE; 83;city;RJ
SÃ£o SebastiÃ£o do Alto;3305307;     9;  96,18467;2020-06-21;0,1111;   1;    9357;FALSE; 59;city;RJ
Sapucaia;3305406;   142; 779,02129;2020-06-21;0,0915;  13;   18228;FALSE; 76;city;RJ
Saquarema;3305505;   179; 200,74016;2020-06-21;0,1061;  19;   89170;FALSE; 71;city;RJ
SeropÃ©dica;3305554;   399; 484,74099;2020-06-21;0,0551;  22;   82312;FALSE; 85;city;RJ
Silva Jardim;3305604;   100; 459,26334;2020-06-21;0,0400;   4;   21774;FALSE; 68;city;RJ
Sumidouro;3305703;    25; 160,02048;2020-06-21;0,0800;   2;   15623;FALSE; 74;city;RJ
TanguÃ¡;3305752;   296; 862,74738;2020-06-21;0,0878;  26;   34309;FALSE; 78;city;RJ
TeresÃ³polis;3305802;   806; 441,41648;2020-06-21;0,0521;  42;  182594;FALSE; 84;city;RJ
Trajano de Moraes;3305901;    33; 310,55901;2020-06-21;0,0000;   0;   10626;FALSE; 78;city;RJ
TrÃªs Rios;3306008;   327; 399,73595;2020-06-21;0,0122;   4;   81804;FALSE; 80;city;RJ
ValenÃ§a;3306107;   152; 198,63309;2020-06-21;0,0461;   7;   76523;FALSE; 89;city;RJ
Varre-Sai;3306156;    32; 290,90909;2020-06-21;0,0000;   0;   11000;FALSE; 35;city;RJ
Vassouras;3306206;   207; 561,03643;2020-06-21;0,0628;  13;   36896;FALSE; 60;city;RJ
Volta Redonda;3306305;  1377; 504,37343;2020-06-21;0,0392;  54;  273012;FALSE; 90;city;RJ
NA;33; 96133; 556,81041;2020-06-21;0,0923;8875;17264943;FALSE;101;state;RJ
Angra dos Reis;3300100;  1844; 904,87524;2020-06-20;0,0369;  68;  203785;FALSE; 83;city;RJ
AperibÃ©;3300159;    62; 527,25572;2020-06-20;0,0000;   0;   11759;FALSE; 59;city;RJ
Araruama;3300209;   294; 222,05438;2020-06-20;0,1020;  30;  132400;FALSE; 79;city;RJ
Areal;3300225;    66; 524,97614;2020-06-20;0,0152;   1;   12572;FALSE; 67;city;RJ
ArmaÃ§Ã£o dos BÃºzios;3300233;   160; 472,39445;2020-06-20;0,0312;   5;   33870;FALSE; 68;city;RJ
Arraial do Cabo;3300258;    64; 210,88009;2020-06-20;0,0625;   4;   30349;FALSE; 81;city;RJ
Barra do PiraÃ­;3300308;   281; 279,95298;2020-06-20;0,0819;  23;  100374;FALSE; 79;city;RJ
Barra Mansa;3300407;   303; 164,30601;2020-06-20;0,0924;  28;  184412;FALSE;100;city;RJ
Belford Roxo;3300456;  1238; 242,31463;2020-06-20;0,1300; 161;  510906;FALSE; 87;city;RJ
Bom Jardim;3300506;    42; 153,02776;2020-06-20;0,0476;   2;   27446;FALSE; 75;city;RJ
Bom Jesus do Itabapoana;3300605;    92; 248,00518;2020-06-20;0,0217;   2;   37096;FALSE; 72;city;RJ
Cabo Frio;3300704;   667; 294,44874;2020-06-20;0,0495;  33;  226525;FALSE; 75;city;RJ
Cachoeiras de Macacu;3300803;   271; 459,81302;2020-06-20;0,0664;  18;   58937;FALSE; 72;city;RJ
Cambuci;3300902;    45; 290,22896;2020-06-20;0,0000;   0;   15505;FALSE; 38;city;RJ
Campos dos Goytacazes;3301009;  1493; 294,15937;2020-06-20;0,0516;  77;  507548;FALSE; 89;city;RJ
Cantagalo;3301108;    18;  89,23260;2020-06-20;0,0556;   1;   20172;FALSE; 73;city;RJ
Carapebus;3300936;    82; 503,03662;2020-06-20;0,0122;   1;   16301;FALSE; 67;city;RJ
Cardoso Moreira;3301157;    61; 475,70771;2020-06-20;0,0000;   0;   12823;FALSE; 44;city;RJ
Carmo;3301207;    60; 317,54432;2020-06-20;0,0333;   2;   18895;FALSE; 50;city;RJ
Casimiro de Abreu;3301306;   283; 640,50335;2020-06-20;0,0318;   9;   44184;FALSE; 75;city;RJ
Comendador Levy Gasparian;3300951;    40; 467,23514;2020-06-20;0,0000;   0;    8561;FALSE; 34;city;RJ
ConceiÃ§Ã£o de Macabu;3301405;   153; 658,68779;2020-06-20;0,0065;   1;   23228;FALSE; 60;city;RJ
Cordeiro;3301504;    26; 118,58068;2020-06-20;0,0000;   0;   21926;FALSE; 56;city;RJ
Duas Barras;3301603;     6;  52,21023;2020-06-20;0,0000;   0;   11492;FALSE; 25;city;RJ
Duque de Caxias;3301702;  2625; 285,45144;2020-06-20;0,1413; 371;  919596;FALSE; 89;city;RJ
Engenheiro Paulo de Frontin;3301801;    42; 299,95715;2020-06-20;0,0476;   2;   14002;FALSE; 47;city;RJ
Guapimirim;3301850;   681;1125,30363;2020-06-20;0,0485;  33;   60517;FALSE; 94;city;RJ
Iguaba Grande;3301876;   146; 515,71883;2020-06-20;0,1370;  20;   28310;FALSE; 79;city;RJ
Importados/Indefinidos;NA;     0;NA;2020-06-20;0,0000;   0;NA;FALSE; 92;city;RJ
ItaboraÃ­;3301900;  2066; 858,71517;2020-06-20;0,0552; 114;  240592;FALSE; 86;city;RJ
ItaguaÃ­;3302007;  1179; 886,33955;2020-06-20;0,0577;  68;  133019;FALSE; 80;city;RJ
Italva;3302056;   124; 815,41395;2020-06-20;0,0242;   3;   15207;FALSE; 55;city;RJ
Itaocara;3302106;    79; 340,01894;2020-06-20;0,0506;   4;   23234;FALSE; 51;city;RJ
Itaperuna;3302205;   506; 490,19608;2020-06-20;0,0020;   1;  103224;FALSE; 77;city;RJ
Itatiaia;3302254;    18;  56,59488;2020-06-20;0,0000;   0;   31805;FALSE; 72;city;RJ
Japeri;3302270;   152; 145,08247;2020-06-20;0,1184;  18;  104768;FALSE; 75;city;RJ
Laje do MuriaÃ©;3302304;    85;1155,67641;2020-06-20;0,0000;   0;    7355;FALSE; 41;city;RJ
MacaÃ©;3302403;  1742; 678,68720;2020-06-20;0,0367;  64;  256672;FALSE; 82;city;RJ
Macuco;3302452;     8; 142,88266;2020-06-20;0,0000;   0;    5599;FALSE; 59;city;RJ
MagÃ©;3302502;  1323; 539,84356;2020-06-20;0,0937; 124;  245071;FALSE; 80;city;RJ
Mangaratiba;3302601;   250; 562,20203;2020-06-20;0,0840;  21;   44468;FALSE; 85;city;RJ
MaricÃ¡;3302700;   973; 603,57181;2020-06-20;0,0504;  49;  161207;FALSE; 84;city;RJ
Mendes;3302809;    40; 214,89202;2020-06-20;0,0500;   2;   18614;FALSE; 67;city;RJ
Mesquita;3302858;   647; 367,39862;2020-06-20;0,1546; 100;  176103;FALSE; 80;city;RJ
Miguel Pereira;3302908;    64; 250,60694;2020-06-20;0,0469;   3;   25538;FALSE; 93;city;RJ
Miracema;3303005;    88; 323,83896;2020-06-20;0,0000;   0;   27174;FALSE; 52;city;RJ
Natividade;3303104;   118; 770,38585;2020-06-20;0,0085;   1;   15317;FALSE; 44;city;RJ
NilÃ³polis;3303203;   591; 363,72588;2020-06-20;0,1100;  65;  162485;FALSE; 79;city;RJ
NiterÃ³i;3303302;  5347;1041,11499;2020-06-20;0,0327; 175;  513584;FALSE; 97;city;RJ
Nova Friburgo;3303401;   348; 182,55163;2020-06-20;0,0862;  30;  190631;FALSE; 78;city;RJ
Nova IguaÃ§u;3303500;  2893; 352,32022;2020-06-20;0,1085; 314;  821128;FALSE; 85;city;RJ
Paracambi;3303609;   312; 597,04920;2020-06-20;0,0609;  19;   52257;FALSE; 72;city;RJ
ParaÃ­ba do Sul;3303708;   236; 532,91182;2020-06-20;0,0466;  11;   44285;FALSE; 78;city;RJ
Paraty;3303807;   177; 410,05444;2020-06-20;0,0452;   8;   43165;FALSE; 73;city;RJ
Paty do Alferes;3303856;    38; 136,84324;2020-06-20;0,1053;   4;   27769;FALSE; 73;city;RJ
PetrÃ³polis;3303906;   757; 247,23130;2020-06-20;0,1096;  83;  306191;FALSE; 92;city;RJ
Pinheiral;3303955;    96; 381,61870;2020-06-20;0,0104;   1;   25156;FALSE; 64;city;RJ
PiraÃ­;3304003;   163; 556,75103;2020-06-20;0,0368;   6;   29277;FALSE; 70;city;RJ
PorciÃºncula;3304102;    72; 382,02366;2020-06-20;0,0278;   2;   18847;FALSE; 79;city;RJ
Porto Real;3304110;    31; 157,49632;2020-06-20;0,0000;   0;   19683;FALSE; 75;city;RJ
Quatis;3304128;    21; 146,83261;2020-06-20;0,0000;   0;   14302;FALSE; 75;city;RJ
Queimados;3304144;  1474; 980,58130;2020-06-20;0,0183;  27;  150319;FALSE; 83;city;RJ
QuissamÃ£;3304151;   156; 631,57895;2020-06-20;0,0064;   1;   24700;FALSE; 67;city;RJ
Resende;3304201;   318; 242,11785;2020-06-20;0,0660;  21;  131341;FALSE; 88;city;RJ
Rio Bonito;3304300;   303; 503,31390;2020-06-20;0,0627;  19;   60201;FALSE; 83;city;RJ
Rio Claro;3304409;   111; 599,06093;2020-06-20;0,0000;   0;   18529;FALSE; 36;city;RJ
Rio das Flores;3304508;     4;  43,08488;2020-06-20;0,2500;   1;    9284;FALSE; 74;city;RJ
Rio das Ostras;3304524;   636; 422,10335;2020-06-20;0,0425;  27;  150674;FALSE; 84;city;RJ
Rio de Janeiro;3304557; 50129; 746,08906;2020-06-20;0,1155;5791; 6718903;FALSE; 99;city;RJ
Santa Maria Madalena;3304607;     7;  67,28181;2020-06-20;0,0000;   0;   10404;FALSE; 56;city;RJ
Santo AntÃ´nio de PÃ¡dua;3304706;   274; 645,02460;2020-06-20;0,0109;   3;   42479;FALSE; 62;city;RJ
SÃ£o FidÃ©lis;3304805;   138; 356,87502;2020-06-20;0,0000;   0;   38669;FALSE; 70;city;RJ
SÃ£o Francisco de Itabapoana;3304755;   132; 312,75915;2020-06-20;0,0758;  10;   42205;FALSE; 72;city;RJ
SÃ£o GonÃ§alo;3304904;  3885; 358,11766;2020-06-20;0,0893; 347; 1084839;FALSE; 90;city;RJ
SÃ£o JoÃ£o da Barra;3305000;   194; 537,36635;2020-06-20;0,0361;   7;   36102;FALSE; 77;city;RJ
SÃ£o JoÃ£o de Meriti;3305109;  1469; 310,96133;2020-06-20;0,1184; 174;  472406;FALSE; 83;city;RJ
SÃ£o JosÃ© de UbÃ¡;3305133;    76;1059,82429;2020-06-20;0,0000;   0;    7171;FALSE; 56;city;RJ
SÃ£o JosÃ© do Vale do Rio Preto;3305158;   151; 692,81945;2020-06-20;0,0066;   1;   21795;FALSE; 55;city;RJ
SÃ£o Pedro da Aldeia;3305208;   322; 308,20476;2020-06-20;0,0217;   7;  104476;FALSE; 82;city;RJ
SÃ£o SebastiÃ£o do Alto;3305307;     9;  96,18467;2020-06-20;0,1111;   1;    9357;FALSE; 58;city;RJ
Sapucaia;3305406;   142; 779,02129;2020-06-20;0,0915;  13;   18228;FALSE; 75;city;RJ
Saquarema;3305505;   179; 200,74016;2020-06-20;0,1061;  19;   89170;FALSE; 70;city;RJ
SeropÃ©dica;3305554;   399; 484,74099;2020-06-20;0,0551;  22;   82312;FALSE; 84;city;RJ
Silva Jardim;3305604;    99; 454,67071;2020-06-20;0,0404;   4;   21774;FALSE; 67;city;RJ
Sumidouro;3305703;    25; 160,02048;2020-06-20;0,0800;   2;   15623;FALSE; 73;city;RJ
TanguÃ¡;3305752;   290; 845,25926;2020-06-20;0,0862;  25;   34309;FALSE; 77;city;RJ
TeresÃ³polis;3305802;   804; 440,32115;2020-06-20;0,0522;  42;  182594;FALSE; 83;city;RJ
Trajano de Moraes;3305901;    32; 301,14813;2020-06-20;0,0000;   0;   10626;FALSE; 77;city;RJ
TrÃªs Rios;3306008;   325; 397,29109;2020-06-20;0,0123;   4;   81804;FALSE; 79;city;RJ
ValenÃ§a;3306107;   152; 198,63309;2020-06-20;0,0461;   7;   76523;FALSE; 88;city;RJ
Varre-Sai;3306156;    32; 290,90909;2020-06-20;0,0000;   0;   11000;FALSE; 34;city;RJ
Vassouras;3306206;   207; 561,03643;2020-06-20;0,0628;  13;   36896;FALSE; 59;city;RJ
Volta Redonda;3306305;  1374; 503,27458;2020-06-20;0,0393;  54;  273012;FALSE; 89;city;RJ
NA;33; 95537; 553,35833;2020-06-20;0,0924;8824;17264943;FALSE;100;state;RJ
Angra dos Reis;3300100;  1833; 899,47739;2020-06-19;0,0371;  68;  203785;FALSE; 82;city;RJ
AperibÃ©;3300159;    60; 510,24747;2020-06-19;0,0000;   0;   11759;FALSE; 58;city;RJ
Araruama;3300209;   290; 219,03323;2020-06-19;0,1000;  29;  132400;FALSE; 78;city;RJ
Areal;3300225;    65; 517,02195;2020-06-19;0,0154;   1;   12572;FALSE; 66;city;RJ
ArmaÃ§Ã£o dos BÃºzios;3300233;   128; 377,91556;2020-06-19;0,0391;   5;   33870;FALSE; 67;city;RJ
Arraial do Cabo;3300258;    58; 191,11009;2020-06-19;0,0690;   4;   30349;FALSE; 80;city;RJ
Barra do PiraÃ­;3300308;   319; 317,81139;2020-06-19;0,0721;  23;  100374;FALSE; 78;city;RJ
Barra Mansa;3300407;   344; 186,53884;2020-06-19;0,0814;  28;  184412;FALSE; 99;city;RJ
Belford Roxo;3300456;  1225; 239,77013;2020-06-19;0,1298; 159;  510906;FALSE; 86;city;RJ
Bom Jardim;3300506;    38; 138,45369;2020-06-19;0,0526;   2;   27446;FALSE; 74;city;RJ
Bom Jesus do Itabapoana;3300605;    91; 245,30947;2020-06-19;0,0220;   2;   37096;FALSE; 71;city;RJ
Cabo Frio;3300704;   643; 283,85388;2020-06-19;0,0482;  31;  226525;FALSE; 74;city;RJ
Cachoeiras de Macacu;3300803;   251; 425,87848;2020-06-19;0,0717;  18;   58937;FALSE; 71;city;RJ
Cambuci;3300902;    46; 296,67849;2020-06-19;0,0000;   0;   15505;FALSE; 37;city;RJ
Campos dos Goytacazes;3301009;  1439; 283,51998;2020-06-19;0,0521;  75;  507548;FALSE; 88;city;RJ
Cantagalo;3301108;    18;  89,23260;2020-06-19;0,0556;   1;   20172;FALSE; 72;city;RJ
Carapebus;3300936;    78; 478,49825;2020-06-19;0,0128;   1;   16301;FALSE; 66;city;RJ
Cardoso Moreira;3301157;    57; 444,51376;2020-06-19;0,0000;   0;   12823;FALSE; 43;city;RJ
Carmo;3301207;    60; 317,54432;2020-06-19;0,0333;   2;   18895;FALSE; 49;city;RJ
Casimiro de Abreu;3301306;   289; 654,08293;2020-06-19;0,0311;   9;   44184;FALSE; 74;city;RJ
Comendador Levy Gasparian;3300951;    37; 432,19250;2020-06-19;0,0000;   0;    8561;FALSE; 33;city;RJ
ConceiÃ§Ã£o de Macabu;3301405;   152; 654,38264;2020-06-19;0,0066;   1;   23228;FALSE; 59;city;RJ
Cordeiro;3301504;    26; 118,58068;2020-06-19;0,0000;   0;   21926;FALSE; 55;city;RJ
Duas Barras;3301603;     6;  52,21023;2020-06-19;0,0000;   0;   11492;FALSE; 24;city;RJ
Duque de Caxias;3301702;  2592; 281,86291;2020-06-19;0,1427; 370;  919596;FALSE; 88;city;RJ
Engenheiro Paulo de Frontin;3301801;    42; 299,95715;2020-06-19;0,0476;   2;   14002;FALSE; 46;city;RJ
Guapimirim;3301850;   660;1090,60264;2020-06-19;0,0500;  33;   60517;FALSE; 93;city;RJ
Iguaba Grande;3301876;   136; 480,39562;2020-06-19;0,1471;  20;   28310;FALSE; 78;city;RJ
Importados/Indefinidos;NA;     0;NA;2020-06-19;0,0000;   0;NA;FALSE; 91;city;RJ
ItaboraÃ­;3301900;  1991; 827,54206;2020-06-19;0,0563; 112;  240592;FALSE; 85;city;RJ
ItaguaÃ­;3302007;  1121; 842,73675;2020-06-19;0,0607;  68;  133019;FALSE; 79;city;RJ
Italva;3302056;   122; 802,26212;2020-06-19;0,0246;   3;   15207;FALSE; 54;city;RJ
Itaocara;3302106;    77; 331,41086;2020-06-19;0,0519;   4;   23234;FALSE; 50;city;RJ
Itaperuna;3302205;   494; 478,57087;2020-06-19;0,0020;   1;  103224;FALSE; 76;city;RJ
Itatiaia;3302254;    21;  66,02735;2020-06-19;0,0000;   0;   31805;FALSE; 71;city;RJ
Japeri;3302270;   144; 137,44655;2020-06-19;0,0972;  14;  104768;FALSE; 74;city;RJ
Laje do MuriaÃ©;3302304;    85;1155,67641;2020-06-19;0,0000;   0;    7355;FALSE; 40;city;RJ
MacaÃ©;3302403;  1690; 658,42788;2020-06-19;0,0367;  62;  256672;FALSE; 81;city;RJ
Macuco;3302452;     8; 142,88266;2020-06-19;0,0000;   0;    5599;FALSE; 58;city;RJ
MagÃ©;3302502;  1337; 545,55619;2020-06-19;0,0912; 122;  245071;FALSE; 79;city;RJ
Mangaratiba;3302601;   229; 514,97706;2020-06-19;0,0917;  21;   44468;FALSE; 84;city;RJ
MaricÃ¡;3302700;   973; 603,57181;2020-06-19;0,0421;  41;  161207;FALSE; 83;city;RJ
Mendes;3302809;    46; 247,12582;2020-06-19;0,0435;   2;   18614;FALSE; 66;city;RJ
Mesquita;3302858;   635; 360,58443;2020-06-19;0,1559;  99;  176103;FALSE; 79;city;RJ
Miguel Pereira;3302908;    65; 254,52267;2020-06-19;0,0462;   3;   25538;FALSE; 92;city;RJ
Miracema;3303005;    82; 301,75903;2020-06-19;0,0000;   0;   27174;FALSE; 51;city;RJ
Natividade;3303104;   117; 763,85715;2020-06-19;0,0085;   1;   15317;FALSE; 43;city;RJ
NilÃ³polis;3303203;   573; 352,64794;2020-06-19;0,1117;  64;  162485;FALSE; 78;city;RJ
NiterÃ³i;3303302;  5219;1016,19209;2020-06-19;0,0330; 172;  513584;FALSE; 96;city;RJ
Nova Friburgo;3303401;   347; 182,02706;2020-06-19;0,0865;  30;  190631;FALSE; 77;city;RJ
Nova IguaÃ§u;3303500;  2934; 357,31335;2020-06-19;0,1053; 309;  821128;FALSE; 84;city;RJ
Paracambi;3303609;   309; 591,30834;2020-06-19;0,0583;  18;   52257;FALSE; 71;city;RJ
ParaÃ­ba do Sul;3303708;   230; 519,36322;2020-06-19;0,0478;  11;   44285;FALSE; 77;city;RJ
Paraty;3303807;   172; 398,47098;2020-06-19;0,0465;   8;   43165;FALSE; 72;city;RJ
Paty do Alferes;3303856;    38; 136,84324;2020-06-19;0,1053;   4;   27769;FALSE; 72;city;RJ
PetrÃ³polis;3303906;   750; 244,94515;2020-06-19;0,1093;  82;  306191;FALSE; 91;city;RJ
Pinheiral;3303955;    95; 377,64350;2020-06-19;0,0105;   1;   25156;FALSE; 63;city;RJ
PiraÃ­;3304003;   163; 556,75103;2020-06-19;0,0368;   6;   29277;FALSE; 69;city;RJ
PorciÃºncula;3304102;    68; 360,80013;2020-06-19;0,0294;   2;   18847;FALSE; 78;city;RJ
Porto Real;3304110;    31; 157,49632;2020-06-19;0,0000;   0;   19683;FALSE; 74;city;RJ
Quatis;3304128;    21; 146,83261;2020-06-19;0,0000;   0;   14302;FALSE; 74;city;RJ
Queimados;3304144;  1437; 955,96698;2020-06-19;0,0167;  24;  150319;FALSE; 82;city;RJ
QuissamÃ£;3304151;   158; 639,67611;2020-06-19;0,0063;   1;   24700;FALSE; 66;city;RJ
Resende;3304201;   317; 241,35647;2020-06-19;0,0662;  21;  131341;FALSE; 87;city;RJ
Rio Bonito;3304300;   316; 524,90822;2020-06-19;0,0475;  15;   60201;FALSE; 82;city;RJ
Rio Claro;3304409;   113; 609,85482;2020-06-19;0,0000;   0;   18529;FALSE; 35;city;RJ
Rio das Flores;3304508;     6;  64,62732;2020-06-19;0,1667;   1;    9284;FALSE; 73;city;RJ
Rio das Ostras;3304524;   613; 406,83861;2020-06-19;0,0440;  27;  150674;FALSE; 83;city;RJ
Rio de Janeiro;3304557; 48753; 725,60952;2020-06-19;0,1155;5632; 6718903;FALSE; 98;city;RJ
Santa Maria Madalena;3304607;     8;  76,89350;2020-06-19;0,0000;   0;   10404;FALSE; 55;city;RJ
Santo AntÃ´nio de PÃ¡dua;3304706;   271; 637,96229;2020-06-19;0,0111;   3;   42479;FALSE; 61;city;RJ
SÃ£o FidÃ©lis;3304805;   135; 349,11686;2020-06-19;0,0000;   0;   38669;FALSE; 69;city;RJ
SÃ£o Francisco de Itabapoana;3304755;   130; 308,02038;2020-06-19;0,0769;  10;   42205;FALSE; 71;city;RJ
SÃ£o GonÃ§alo;3304904;  3804; 350,65111;2020-06-19;0,0860; 327; 1084839;FALSE; 89;city;RJ
SÃ£o JoÃ£o da Barra;3305000;   193; 534,59642;2020-06-19;0,0363;   7;   36102;FALSE; 76;city;RJ
SÃ£o JoÃ£o de Meriti;3305109;  1445; 305,88096;2020-06-19;0,1190; 172;  472406;FALSE; 82;city;RJ
SÃ£o JosÃ© de UbÃ¡;3305133;    74;1031,93418;2020-06-19;0,0000;   0;    7171;FALSE; 55;city;RJ
SÃ£o JosÃ© do Vale do Rio Preto;3305158;   145; 665,29020;2020-06-19;0,0069;   1;   21795;FALSE; 54;city;RJ
SÃ£o Pedro da Aldeia;3305208;   319; 305,33328;2020-06-19;0,0188;   6;  104476;FALSE; 81;city;RJ
SÃ£o SebastiÃ£o do Alto;3305307;    10; 106,87186;2020-06-19;0,1000;   1;    9357;FALSE; 57;city;RJ
Sapucaia;3305406;   145; 795,47948;2020-06-19;0,0897;  13;   18228;FALSE; 74;city;RJ
Saquarema;3305505;   183; 205,22597;2020-06-19;0,1038;  19;   89170;FALSE; 69;city;RJ
SeropÃ©dica;3305554;   391; 475,02187;2020-06-19;0,0563;  22;   82312;FALSE; 83;city;RJ
Silva Jardim;3305604;    87; 399,55911;2020-06-19;0,0460;   4;   21774;FALSE; 66;city;RJ
Sumidouro;3305703;    24; 153,61966;2020-06-19;0,0833;   2;   15623;FALSE; 72;city;RJ
TanguÃ¡;3305752;   279; 813,19770;2020-06-19;0,0824;  23;   34309;FALSE; 76;city;RJ
TeresÃ³polis;3305802;   804; 440,32115;2020-06-19;0,0522;  42;  182594;FALSE; 82;city;RJ
Trajano de Moraes;3305901;    32; 301,14813;2020-06-19;0,0000;   0;   10626;FALSE; 76;city;RJ
TrÃªs Rios;3306008;   301; 367,95267;2020-06-19;0,0133;   4;   81804;FALSE; 78;city;RJ
ValenÃ§a;3306107;   149; 194,71270;2020-06-19;0,0537;   8;   76523;FALSE; 87;city;RJ
Varre-Sai;3306156;    28; 254,54545;2020-06-19;0,0000;   0;   11000;FALSE; 33;city;RJ
Vassouras;3306206;   204; 552,90546;2020-06-19;0,0637;  13;   36896;FALSE; 58;city;RJ
Volta Redonda;3306305;  1334; 488,62321;2020-06-19;0,0397;  53;  273012;FALSE; 88;city;RJ
NA;33; 93378; 540,85322;2020-06-19;0,0920;8595;17264943;FALSE; 99;state;RJ
Angra dos Reis;3300100;  1698; 833,23110;2020-06-18;0,0400;  68;  203785;FALSE; 81;city;RJ
AperibÃ©;3300159;    49; 416,70210;2020-06-18;0,0000;   0;   11759;FALSE; 57;city;RJ
Araruama;3300209;   272; 205,43807;2020-06-18;0,1066;  29;  132400;FALSE; 77;city;RJ
Areal;3300225;    65; 517,02195;2020-06-18;0,0154;   1;   12572;FALSE; 65;city;RJ
ArmaÃ§Ã£o dos BÃºzios;3300233;   128; 377,91556;2020-06-18;0,0391;   5;   33870;FALSE; 66;city;RJ
Arraial do Cabo;3300258;    54; 177,93008;2020-06-18;0,0741;   4;   30349;FALSE; 79;city;RJ
Barra do PiraÃ­;3300308;   303; 301,87100;2020-06-18;0,0693;  21;  100374;FALSE; 77;city;RJ
Barra Mansa;3300407;   314; 170,27092;2020-06-18;0,0892;  28;  184412;FALSE; 98;city;RJ
Belford Roxo;3300456;  1161; 227,24337;2020-06-18;0,1352; 157;  510906;FALSE; 85;city;RJ
Bom Jardim;3300506;    34; 123,87962;2020-06-18;0,0588;   2;   27446;FALSE; 73;city;RJ
Bom Jesus do Itabapoana;3300605;    87; 234,52663;2020-06-18;0,0230;   2;   37096;FALSE; 70;city;RJ
Cabo Frio;3300704;   591; 260,89836;2020-06-18;0,0508;  30;  226525;FALSE; 73;city;RJ
Cachoeiras de Macacu;3300803;   211; 358,00940;2020-06-18;0,0853;  18;   58937;FALSE; 70;city;RJ
Cambuci;3300902;    44; 283,77943;2020-06-18;0,0000;   0;   15505;FALSE; 36;city;RJ
Campos dos Goytacazes;3301009;  1306; 257,31556;2020-06-18;0,0536;  70;  507548;FALSE; 87;city;RJ
Cantagalo;3301108;    13;  64,44577;2020-06-18;0,0769;   1;   20172;FALSE; 71;city;RJ
Carapebus;3300936;    68; 417,15232;2020-06-18;0,0147;   1;   16301;FALSE; 65;city;RJ
Cardoso Moreira;3301157;    48; 374,32738;2020-06-18;0,0000;   0;   12823;FALSE; 42;city;RJ
Carmo;3301207;    50; 264,62027;2020-06-18;0,0400;   2;   18895;FALSE; 48;city;RJ
Casimiro de Abreu;3301306;   272; 615,60746;2020-06-18;0,0331;   9;   44184;FALSE; 73;city;RJ
Comendador Levy Gasparian;3300951;    31; 362,10723;2020-06-18;0,0000;   0;    8561;FALSE; 32;city;RJ
ConceiÃ§Ã£o de Macabu;3301405;   152; 654,38264;2020-06-18;0,0066;   1;   23228;FALSE; 58;city;RJ
Cordeiro;3301504;    24; 109,45909;2020-06-18;0,0000;   0;   21926;FALSE; 54;city;RJ
Duas Barras;3301603;     6;  52,21023;2020-06-18;0,0000;   0;   11492;FALSE; 23;city;RJ
Duque de Caxias;3301702;  2407; 261,74538;2020-06-18;0,1504; 362;  919596;FALSE; 87;city;RJ
Engenheiro Paulo de Frontin;3301801;    22; 157,12041;2020-06-18;0,0909;   2;   14002;FALSE; 45;city;RJ
Guapimirim;3301850;   594; 981,54238;2020-06-18;0,0572;  34;   60517;FALSE; 92;city;RJ
Iguaba Grande;3301876;   119; 420,34617;2020-06-18;0,1681;  20;   28310;FALSE; 77;city;RJ
Importados/Indefinidos;NA;     0;NA;2020-06-18;0,0000;   0;NA;FALSE; 90;city;RJ
ItaboraÃ­;3301900;  1774; 737,34788;2020-06-18;0,0620; 110;  240592;FALSE; 84;city;RJ
ItaguaÃ­;3302007;   986; 741,24749;2020-06-18;0,0680;  67;  133019;FALSE; 78;city;RJ
Italva;3302056;   107; 703,62333;2020-06-18;0,0280;   3;   15207;FALSE; 53;city;RJ
Itaocara;3302106;    72; 309,89068;2020-06-18;0,0556;   4;   23234;FALSE; 49;city;RJ
Itaperuna;3302205;   427; 413,66349;2020-06-18;0,0023;   1;  103224;FALSE; 75;city;RJ
Itatiaia;3302254;    16;  50,30656;2020-06-18;0,0000;   0;   31805;FALSE; 70;city;RJ
Japeri;3302270;   134; 127,90165;2020-06-18;0,1045;  14;  104768;FALSE; 73;city;RJ
Laje do MuriaÃ©;3302304;    76;1033,31067;2020-06-18;0,0000;   0;    7355;FALSE; 39;city;RJ
MacaÃ©;3302403;  1597; 622,19486;2020-06-18;0,0388;  62;  256672;FALSE; 80;city;RJ
Macuco;3302452;     8; 142,88266;2020-06-18;0,0000;   0;    5599;FALSE; 57;city;RJ
MagÃ©;3302502;  1200; 489,65402;2020-06-18;0,1000; 120;  245071;FALSE; 78;city;RJ
Mangaratiba;3302601;   203; 456,50805;2020-06-18;0,1034;  21;   44468;FALSE; 83;city;RJ
MaricÃ¡;3302700;   900; 558,28841;2020-06-18;0,0456;  41;  161207;FALSE; 82;city;RJ
Mendes;3302809;    44; 236,38122;2020-06-18;0,0455;   2;   18614;FALSE; 65;city;RJ
Mesquita;3302858;   593; 336,73475;2020-06-18;0,1636;  97;  176103;FALSE; 78;city;RJ
Miguel Pereira;3302908;    43; 168,37654;2020-06-18;0,0698;   3;   25538;FALSE; 91;city;RJ
Miracema;3303005;    74; 272,31913;2020-06-18;0,0000;   0;   27174;FALSE; 50;city;RJ
Natividade;3303104;    94; 613,69720;2020-06-18;0,0106;   1;   15317;FALSE; 42;city;RJ
NilÃ³polis;3303203;   544; 334,80014;2020-06-18;0,1176;  64;  162485;FALSE; 77;city;RJ
NiterÃ³i;3303302;  4843; 942,98109;2020-06-18;0,0351; 170;  513584;FALSE; 95;city;RJ
Nova Friburgo;3303401;   316; 165,76527;2020-06-18;0,0949;  30;  190631;FALSE; 76;city;RJ
Nova IguaÃ§u;3303500;  2770; 337,34083;2020-06-18;0,1069; 296;  821128;FALSE; 83;city;RJ
Paracambi;3303609;   307; 587,48110;2020-06-18;0,0586;  18;   52257;FALSE; 70;city;RJ
ParaÃ­ba do Sul;3303708;   205; 462,91069;2020-06-18;0,0537;  11;   44285;FALSE; 76;city;RJ
Paraty;3303807;   157; 363,72061;2020-06-18;0,0510;   8;   43165;FALSE; 71;city;RJ
Paty do Alferes;3303856;    37; 133,24210;2020-06-18;0,1081;   4;   27769;FALSE; 71;city;RJ
PetrÃ³polis;3303906;   726; 237,10690;2020-06-18;0,1116;  81;  306191;FALSE; 90;city;RJ
Pinheiral;3303955;    91; 361,74273;2020-06-18;0,0110;   1;   25156;FALSE; 62;city;RJ
PiraÃ­;3304003;   154; 526,01018;2020-06-18;0,0390;   6;   29277;FALSE; 68;city;RJ
PorciÃºncula;3304102;    63; 334,27071;2020-06-18;0,0317;   2;   18847;FALSE; 77;city;RJ
Porto Real;3304110;    28; 142,25474;2020-06-18;0,0000;   0;   19683;FALSE; 73;city;RJ
Quatis;3304128;    18; 125,85652;2020-06-18;0,0000;   0;   14302;FALSE; 73;city;RJ
Queimados;3304144;  1320; 878,13250;2020-06-18;0,0174;  23;  150319;FALSE; 81;city;RJ
QuissamÃ£;3304151;   139; 562,75304;2020-06-18;0,0072;   1;   24700;FALSE; 65;city;RJ
Resende;3304201;   302; 229,93582;2020-06-18;0,0662;  20;  131341;FALSE; 86;city;RJ
Rio Bonito;3304300;   331; 549,82475;2020-06-18;0,0453;  15;   60201;FALSE; 81;city;RJ
Rio Claro;3304409;   104; 561,28231;2020-06-18;0,0000;   0;   18529;FALSE; 34;city;RJ
Rio das Flores;3304508;     6;  64,62732;2020-06-18;0,1667;   1;    9284;FALSE; 72;city;RJ
Rio das Ostras;3304524;   592; 392,90123;2020-06-18;0,0456;  27;  150674;FALSE; 82;city;RJ
Rio de Janeiro;3304557; 46255; 688,43083;2020-06-18;0,1191;5508; 6718903;FALSE; 97;city;RJ
Santa Maria Madalena;3304607;     8;  76,89350;2020-06-18;0,0000;   0;   10404;FALSE; 54;city;RJ
Santo AntÃ´nio de PÃ¡dua;3304706;   244; 574,40147;2020-06-18;0,0123;   3;   42479;FALSE; 60;city;RJ
SÃ£o FidÃ©lis;3304805;   129; 333,60056;2020-06-18;0,0000;   0;   38669;FALSE; 68;city;RJ
SÃ£o Francisco de Itabapoana;3304755;   119; 281,95711;2020-06-18;0,0840;  10;   42205;FALSE; 70;city;RJ
SÃ£o GonÃ§alo;3304904;  3313; 305,39094;2020-06-18;0,0966; 320; 1084839;FALSE; 88;city;RJ
SÃ£o JoÃ£o da Barra;3305000;   179; 495,81741;2020-06-18;0,0391;   7;   36102;FALSE; 75;city;RJ
SÃ£o JoÃ£o de Meriti;3305109;  1372; 290,42815;2020-06-18;0,1203; 165;  472406;FALSE; 81;city;RJ
SÃ£o JosÃ© de UbÃ¡;3305133;    72;1004,04407;2020-06-18;0,0000;   0;    7171;FALSE; 54;city;RJ
SÃ£o JosÃ© do Vale do Rio Preto;3305158;   134; 614,81991;2020-06-18;0,0075;   1;   21795;FALSE; 53;city;RJ
SÃ£o Pedro da Aldeia;3305208;   294; 281,40434;2020-06-18;0,0204;   6;  104476;FALSE; 80;city;RJ
SÃ£o SebastiÃ£o do Alto;3305307;    10; 106,87186;2020-06-18;0,1000;   1;    9357;FALSE; 56;city;RJ
Sapucaia;3305406;   140; 768,04916;2020-06-18;0,0786;  11;   18228;FALSE; 73;city;RJ
Saquarema;3305505;   159; 178,31109;2020-06-18;0,1195;  19;   89170;FALSE; 68;city;RJ
SeropÃ©dica;3305554;   364; 442,21985;2020-06-18;0,0604;  22;   82312;FALSE; 82;city;RJ
Silva Jardim;3305604;    82; 376,59594;2020-06-18;0,0488;   4;   21774;FALSE; 65;city;RJ
Sumidouro;3305703;    18; 115,21475;2020-06-18;0,1111;   2;   15623;FALSE; 71;city;RJ
TanguÃ¡;3305752;   261; 760,73334;2020-06-18;0,0881;  23;   34309;FALSE; 75;city;RJ
TeresÃ³polis;3305802;   753; 412,39033;2020-06-18;0,0558;  42;  182594;FALSE; 81;city;RJ
Trajano de Moraes;3305901;    30; 282,32637;2020-06-18;0,0000;   0;   10626;FALSE; 75;city;RJ
TrÃªs Rios;3306008;   276; 337,39181;2020-06-18;0,0145;   4;   81804;FALSE; 77;city;RJ
ValenÃ§a;3306107;   141; 184,25833;2020-06-18;0,0496;   7;   76523;FALSE; 86;city;RJ
Varre-Sai;3306156;    24; 218,18182;2020-06-18;0,0000;   0;   11000;FALSE; 32;city;RJ
Vassouras;3306206;   188; 509,54033;2020-06-18;0,0691;  13;   36896;FALSE; 57;city;RJ
Volta Redonda;3306305;  1228; 449,79708;2020-06-18;0,0432;  53;  273012;FALSE; 87;city;RJ
NA;33; 87317; 505,74740;2020-06-18;0,0963;8412;17264943;FALSE; 98;state;RJ
Angra dos Reis;3300100;  1696; 832,24967;2020-06-17;0,0383;  65;  203785;FALSE; 80;city;RJ
AperibÃ©;3300159;    49; 416,70210;2020-06-17;0,0000;   0;   11759;FALSE; 56;city;RJ
Araruama;3300209;   272; 205,43807;2020-06-17;0,1066;  29;  132400;FALSE; 76;city;RJ
Areal;3300225;    65; 517,02195;2020-06-17;0,0154;   1;   12572;FALSE; 64;city;RJ
ArmaÃ§Ã£o dos BÃºzios;3300233;   128; 377,91556;2020-06-17;0,0391;   5;   33870;FALSE; 65;city;RJ
Arraial do Cabo;3300258;    54; 177,93008;2020-06-17;0,0741;   4;   30349;FALSE; 78;city;RJ
Barra do PiraÃ­;3300308;   303; 301,87100;2020-06-17;0,0693;  21;  100374;FALSE; 76;city;RJ
Barra Mansa;3300407;   314; 170,27092;2020-06-17;0,0892;  28;  184412;FALSE; 97;city;RJ
Belford Roxo;3300456;  1157; 226,46044;2020-06-17;0,1314; 152;  510906;FALSE; 84;city;RJ
Bom Jardim;3300506;    34; 123,87962;2020-06-17;0,0588;   2;   27446;FALSE; 72;city;RJ
Bom Jesus do Itabapoana;3300605;    87; 234,52663;2020-06-17;0,0230;   2;   37096;FALSE; 69;city;RJ
Cabo Frio;3300704;   590; 260,45690;2020-06-17;0,0475;  28;  226525;FALSE; 72;city;RJ
Cachoeiras de Macacu;3300803;   211; 358,00940;2020-06-17;0,0853;  18;   58937;FALSE; 69;city;RJ
Cambuci;3300902;    44; 283,77943;2020-06-17;0,0000;   0;   15505;FALSE; 35;city;RJ
Campos dos Goytacazes;3301009;  1300; 256,13341;2020-06-17;0,0492;  64;  507548;FALSE; 86;city;RJ
Cantagalo;3301108;    13;  64,44577;2020-06-17;0,0769;   1;   20172;FALSE; 70;city;RJ
Carapebus;3300936;    68; 417,15232;2020-06-17;0,0147;   1;   16301;FALSE; 64;city;RJ
Cardoso Moreira;3301157;    48; 374,32738;2020-06-17;0,0000;   0;   12823;FALSE; 41;city;RJ
Carmo;3301207;    50; 264,62027;2020-06-17;0,0400;   2;   18895;FALSE; 47;city;RJ
Casimiro de Abreu;3301306;   271; 613,34420;2020-06-17;0,0258;   7;   44184;FALSE; 72;city;RJ
Comendador Levy Gasparian;3300951;    31; 362,10723;2020-06-17;0,0000;   0;    8561;FALSE; 31;city;RJ
ConceiÃ§Ã£o de Macabu;3301405;   152; 654,38264;2020-06-17;0,0066;   1;   23228;FALSE; 57;city;RJ
Cordeiro;3301504;    24; 109,45909;2020-06-17;0,0000;   0;   21926;FALSE; 53;city;RJ
Duas Barras;3301603;     6;  52,21023;2020-06-17;0,0000;   0;   11492;FALSE; 22;city;RJ
Duque de Caxias;3301702;  2399; 260,87543;2020-06-17;0,1471; 353;  919596;FALSE; 86;city;RJ
Engenheiro Paulo de Frontin;3301801;    22; 157,12041;2020-06-17;0,0909;   2;   14002;FALSE; 44;city;RJ
Guapimirim;3301850;   593; 979,88995;2020-06-17;0,0523;  31;   60517;FALSE; 91;city;RJ
Iguaba Grande;3301876;   119; 420,34617;2020-06-17;0,1681;  20;   28310;FALSE; 76;city;RJ
Importados/Indefinidos;NA;     0;NA;2020-06-17;0,0000;   0;NA;FALSE; 89;city;RJ
ItaboraÃ­;3301900;  1775; 737,76352;2020-06-17;0,0620; 110;  240592;FALSE; 83;city;RJ
ItaguaÃ­;3302007;   985; 740,49572;2020-06-17;0,0670;  66;  133019;FALSE; 77;city;RJ
Italva;3302056;   107; 703,62333;2020-06-17;0,0280;   3;   15207;FALSE; 52;city;RJ
Itaocara;3302106;    72; 309,89068;2020-06-17;0,0556;   4;   23234;FALSE; 48;city;RJ
Itaperuna;3302205;   427; 413,66349;2020-06-17;0,0023;   1;  103224;FALSE; 74;city;RJ
Itatiaia;3302254;    16;  50,30656;2020-06-17;0,0000;   0;   31805;FALSE; 69;city;RJ
Japeri;3302270;   134; 127,90165;2020-06-17;0,1045;  14;  104768;FALSE; 72;city;RJ
Laje do MuriaÃ©;3302304;    76;1033,31067;2020-06-17;0,0000;   0;    7355;FALSE; 38;city;RJ
MacaÃ©;3302403;  1593; 620,63645;2020-06-17;0,0364;  58;  256672;FALSE; 79;city;RJ
Macuco;3302452;     8; 142,88266;2020-06-17;0,0000;   0;    5599;FALSE; 56;city;RJ
MagÃ©;3302502;  1200; 489,65402;2020-06-17;0,0992; 119;  245071;FALSE; 77;city;RJ
Mangaratiba;3302601;   195; 438,51759;2020-06-17;0,0462;   9;   44468;FALSE; 82;city;RJ
MaricÃ¡;3302700;   899; 557,66809;2020-06-17;0,0445;  40;  161207;FALSE; 81;city;RJ
Mendes;3302809;    44; 236,38122;2020-06-17;0,0455;   2;   18614;FALSE; 64;city;RJ
Mesquita;3302858;   591; 335,59905;2020-06-17;0,1607;  95;  176103;FALSE; 77;city;RJ
Miguel Pereira;3302908;    43; 168,37654;2020-06-17;0,0698;   3;   25538;FALSE; 90;city;RJ
Miracema;3303005;    74; 272,31913;2020-06-17;0,0000;   0;   27174;FALSE; 49;city;RJ
Natividade;3303104;    94; 613,69720;2020-06-17;0,0106;   1;   15317;FALSE; 41;city;RJ
NilÃ³polis;3303203;   540; 332,33837;2020-06-17;0,1093;  59;  162485;FALSE; 76;city;RJ
NiterÃ³i;3303302;  4839; 942,20225;2020-06-17;0,0343; 166;  513584;FALSE; 94;city;RJ
Nova Friburgo;3303401;   315; 165,24070;2020-06-17;0,0921;  29;  190631;FALSE; 75;city;RJ
Nova IguaÃ§u;3303500;  2765; 336,73191;2020-06-17;0,1038; 287;  821128;FALSE; 82;city;RJ
Paracambi;3303609;   308; 589,39472;2020-06-17;0,0584;  18;   52257;FALSE; 69;city;RJ
ParaÃ­ba do Sul;3303708;   205; 462,91069;2020-06-17;0,0390;   8;   44285;FALSE; 75;city;RJ
Paraty;3303807;   157; 363,72061;2020-06-17;0,0510;   8;   43165;FALSE; 70;city;RJ
Paty do Alferes;3303856;    37; 133,24210;2020-06-17;0,1081;   4;   27769;FALSE; 70;city;RJ
PetrÃ³polis;3303906;   725; 236,78031;2020-06-17;0,1103;  80;  306191;FALSE; 89;city;RJ
Pinheiral;3303955;    91; 361,74273;2020-06-17;0,0110;   1;   25156;FALSE; 61;city;RJ
PiraÃ­;3304003;   154; 526,01018;2020-06-17;0,0390;   6;   29277;FALSE; 67;city;RJ
PorciÃºncula;3304102;    62; 328,96482;2020-06-17;0,0161;   1;   18847;FALSE; 76;city;RJ
Porto Real;3304110;    28; 142,25474;2020-06-17;0,0000;   0;   19683;FALSE; 72;city;RJ
Quatis;3304128;    18; 125,85652;2020-06-17;0,0000;   0;   14302;FALSE; 72;city;RJ
Queimados;3304144;  1320; 878,13250;2020-06-17;0,0167;  22;  150319;FALSE; 80;city;RJ
QuissamÃ£;3304151;   139; 562,75304;2020-06-17;0,0072;   1;   24700;FALSE; 64;city;RJ
Resende;3304201;   302; 229,93582;2020-06-17;0,0662;  20;  131341;FALSE; 85;city;RJ
Rio Bonito;3304300;   330; 548,16365;2020-06-17;0,0394;  13;   60201;FALSE; 80;city;RJ
Rio Claro;3304409;   104; 561,28231;2020-06-17;0,0000;   0;   18529;FALSE; 33;city;RJ
Rio das Flores;3304508;     6;  64,62732;2020-06-17;0,1667;   1;    9284;FALSE; 71;city;RJ
Rio das Ostras;3304524;   592; 392,90123;2020-06-17;0,0456;  27;  150674;FALSE; 81;city;RJ
Rio de Janeiro;3304557; 45978; 684,30814;2020-06-17;0,1162;5343; 6718903;FALSE; 96;city;RJ
Santa Maria Madalena;3304607;     8;  76,89350;2020-06-17;0,0000;   0;   10404;FALSE; 53;city;RJ
Santo AntÃ´nio de PÃ¡dua;3304706;   244; 574,40147;2020-06-17;0,0123;   3;   42479;FALSE; 59;city;RJ
SÃ£o FidÃ©lis;3304805;   129; 333,60056;2020-06-17;0,0000;   0;   38669;FALSE; 67;city;RJ
SÃ£o Francisco de Itabapoana;3304755;   118; 279,58773;2020-06-17;0,0763;   9;   42205;FALSE; 69;city;RJ
SÃ£o GonÃ§alo;3304904;  3296; 303,82389;2020-06-17;0,0910; 300; 1084839;FALSE; 87;city;RJ
SÃ£o JoÃ£o da Barra;3305000;   179; 495,81741;2020-06-17;0,0391;   7;   36102;FALSE; 74;city;RJ
SÃ£o JoÃ£o de Meriti;3305109;  1367; 289,36974;2020-06-17;0,1170; 160;  472406;FALSE; 80;city;RJ
SÃ£o JosÃ© de UbÃ¡;3305133;    72;1004,04407;2020-06-17;0,0000;   0;    7171;FALSE; 53;city;RJ
SÃ£o JosÃ© do Vale do Rio Preto;3305158;   134; 614,81991;2020-06-17;0,0075;   1;   21795;FALSE; 52;city;RJ
SÃ£o Pedro da Aldeia;3305208;   294; 281,40434;2020-06-17;0,0204;   6;  104476;FALSE; 79;city;RJ
SÃ£o SebastiÃ£o do Alto;3305307;    10; 106,87186;2020-06-17;0,1000;   1;    9357;FALSE; 55;city;RJ
Sapucaia;3305406;   140; 768,04916;2020-06-17;0,0786;  11;   18228;FALSE; 72;city;RJ
Saquarema;3305505;   157; 176,06818;2020-06-17;0,1083;  17;   89170;FALSE; 67;city;RJ
SeropÃ©dica;3305554;   365; 443,43474;2020-06-17;0,0603;  22;   82312;FALSE; 81;city;RJ
Silva Jardim;3305604;    82; 376,59594;2020-06-17;0,0488;   4;   21774;FALSE; 64;city;RJ
Sumidouro;3305703;    18; 115,21475;2020-06-17;0,1111;   2;   15623;FALSE; 70;city;RJ
TanguÃ¡;3305752;   261; 760,73334;2020-06-17;0,0881;  23;   34309;FALSE; 74;city;RJ
TeresÃ³polis;3305802;   753; 412,39033;2020-06-17;0,0544;  41;  182594;FALSE; 80;city;RJ
Trajano de Moraes;3305901;    30; 282,32637;2020-06-17;0,0000;   0;   10626;FALSE; 74;city;RJ
TrÃªs Rios;3306008;   276; 337,39181;2020-06-17;0,0145;   4;   81804;FALSE; 76;city;RJ
ValenÃ§a;3306107;   141; 184,25833;2020-06-17;0,0496;   7;   76523;FALSE; 85;city;RJ
Varre-Sai;3306156;    24; 218,18182;2020-06-17;0,0000;   0;   11000;FALSE; 31;city;RJ
Vassouras;3306206;   189; 512,25065;2020-06-17;0,0688;  13;   36896;FALSE; 56;city;RJ
Volta Redonda;3306305;  1228; 449,79708;2020-06-17;0,0415;  51;  273012;FALSE; 86;city;RJ
NA;33; 86963; 503,69700;2020-06-17;0,0936;8138;17264943;FALSE; 97;state;RJ
Angra dos Reis;3300100;  1574; 772,38266;2020-06-16;0,0388;  61;  203785;FALSE; 79;city;RJ
AperibÃ©;3300159;    40; 340,16498;2020-06-16;0,0000;   0;   11759;FALSE; 55;city;RJ
Araruama;3300209;   263; 198,64048;2020-06-16;0,1103;  29;  132400;FALSE; 75;city;RJ
Areal;3300225;    63; 501,11359;2020-06-16;0,0159;   1;   12572;FALSE; 63;city;RJ
ArmaÃ§Ã£o dos BÃºzios;3300233;   114; 336,58105;2020-06-16;0,0439;   5;   33870;FALSE; 64;city;RJ
Arraial do Cabo;3300258;    53; 174,63508;2020-06-16;0,0755;   4;   30349;FALSE; 77;city;RJ
Barra do PiraÃ­;3300308;   301; 299,87845;2020-06-16;0,0698;  21;  100374;FALSE; 75;city;RJ
Barra Mansa;3300407;   303; 164,30601;2020-06-16;0,0759;  23;  184412;FALSE; 96;city;RJ
Belford Roxo;3300456;  1122; 219,60987;2020-06-16;0,1346; 151;  510906;FALSE; 83;city;RJ
Bom Jardim;3300506;    31; 112,94906;2020-06-16;0,0645;   2;   27446;FALSE; 71;city;RJ
Bom Jesus do Itabapoana;3300605;    90; 242,61376;2020-06-16;0,0222;   2;   37096;FALSE; 68;city;RJ
Cabo Frio;3300704;   590; 260,45690;2020-06-16;0,0475;  28;  226525;FALSE; 71;city;RJ
Cachoeiras de Macacu;3300803;   201; 341,04213;2020-06-16;0,0896;  18;   58937;FALSE; 68;city;RJ
Cambuci;3300902;    43; 277,32989;2020-06-16;0,0000;   0;   15505;FALSE; 34;city;RJ
Campos dos Goytacazes;3301009;  1250; 246,28213;2020-06-16;0,0496;  62;  507548;FALSE; 85;city;RJ
Cantagalo;3301108;    10;  49,57367;2020-06-16;0,1000;   1;   20172;FALSE; 69;city;RJ
Carapebus;3300936;    61; 374,21017;2020-06-16;0,0164;   1;   16301;FALSE; 63;city;RJ
Cardoso Moreira;3301157;    44; 343,13343;2020-06-16;0,0000;   0;   12823;FALSE; 40;city;RJ
Carmo;3301207;    49; 259,32786;2020-06-16;0,0408;   2;   18895;FALSE; 46;city;RJ
Casimiro de Abreu;3301306;   268; 606,55441;2020-06-16;0,0261;   7;   44184;FALSE; 71;city;RJ
Comendador Levy Gasparian;3300951;    26; 303,70284;2020-06-16;0,0000;   0;    8561;FALSE; 30;city;RJ
ConceiÃ§Ã£o de Macabu;3301405;   121; 520,92302;2020-06-16;0,0083;   1;   23228;FALSE; 56;city;RJ
Cordeiro;3301504;    52; 237,16136;2020-06-16;0,0000;   0;   21926;FALSE; 52;city;RJ
Duas Barras;3301603;     6;  52,21023;2020-06-16;0,0000;   0;   11492;FALSE; 21;city;RJ
Duque de Caxias;3301702;  2308; 250,97978;2020-06-16;0,1521; 351;  919596;FALSE; 85;city;RJ
Engenheiro Paulo de Frontin;3301801;    22; 157,12041;2020-06-16;0,0909;   2;   14002;FALSE; 43;city;RJ
Guapimirim;3301850;   587; 969,97538;2020-06-16;0,0528;  31;   60517;FALSE; 90;city;RJ
Iguaba Grande;3301876;   117; 413,28153;2020-06-16;0,1624;  19;   28310;FALSE; 75;city;RJ
Importados/Indefinidos;NA;     0;NA;2020-06-16;0,0000;   0;NA;FALSE; 88;city;RJ
ItaboraÃ­;3301900;  1762; 732,36018;2020-06-16;0,0607; 107;  240592;FALSE; 82;city;RJ
ItaguaÃ­;3302007;   949; 713,43192;2020-06-16;0,0643;  61;  133019;FALSE; 76;city;RJ
Italva;3302056;   104; 683,89557;2020-06-16;0,0288;   3;   15207;FALSE; 51;city;RJ
Itaocara;3302106;    70; 301,28260;2020-06-16;0,0571;   4;   23234;FALSE; 47;city;RJ
Itaperuna;3302205;   342; 331,31830;2020-06-16;0,0029;   1;  103224;FALSE; 73;city;RJ
Itatiaia;3302254;    15;  47,16240;2020-06-16;0,0000;   0;   31805;FALSE; 68;city;RJ
Japeri;3302270;   130; 124,08369;2020-06-16;0,1077;  14;  104768;FALSE; 71;city;RJ
Laje do MuriaÃ©;3302304;    68; 924,54113;2020-06-16;0,0000;   0;    7355;FALSE; 37;city;RJ
MacaÃ©;3302403;  1584; 617,13003;2020-06-16;0,0360;  57;  256672;FALSE; 78;city;RJ
Macuco;3302452;     4;  71,44133;2020-06-16;0,0000;   0;    5599;FALSE; 55;city;RJ
MagÃ©;3302502;  1188; 484,75748;2020-06-16;0,0960; 114;  245071;FALSE; 76;city;RJ
Mangaratiba;3302601;   189; 425,02474;2020-06-16;0,0370;   7;   44468;FALSE; 81;city;RJ
MaricÃ¡;3302700;   848; 526,03175;2020-06-16;0,0472;  40;  161207;FALSE; 80;city;RJ
Mendes;3302809;    44; 236,38122;2020-06-16;0,0455;   2;   18614;FALSE; 63;city;RJ
Mesquita;3302858;   568; 322,53851;2020-06-16;0,1673;  95;  176103;FALSE; 76;city;RJ
Miguel Pereira;3302908;    37; 144,88214;2020-06-16;0,0811;   3;   25538;FALSE; 89;city;RJ
Miracema;3303005;    69; 253,91919;2020-06-16;0,0000;   0;   27174;FALSE; 48;city;RJ
Natividade;3303104;    82; 535,35288;2020-06-16;0,0122;   1;   15317;FALSE; 40;city;RJ
NilÃ³polis;3303203;   521; 320,64498;2020-06-16;0,1132;  59;  162485;FALSE; 75;city;RJ
NiterÃ³i;3303302;  4719; 918,83704;2020-06-16;0,0328; 155;  513584;FALSE; 93;city;RJ
Nova Friburgo;3303401;   299; 156,84752;2020-06-16;0,0970;  29;  190631;FALSE; 74;city;RJ
Nova IguaÃ§u;3303500;  2658; 323,70106;2020-06-16;0,1076; 286;  821128;FALSE; 81;city;RJ
Paracambi;3303609;   306; 585,56748;2020-06-16;0,0588;  18;   52257;FALSE; 68;city;RJ
ParaÃ­ba do Sul;3303708;   199; 449,36209;2020-06-16;0,0402;   8;   44285;FALSE; 74;city;RJ
Paraty;3303807;   151; 349,82046;2020-06-16;0,0530;   8;   43165;FALSE; 69;city;RJ
Paty do Alferes;3303856;    36; 129,64097;2020-06-16;0,1111;   4;   27769;FALSE; 69;city;RJ
PetrÃ³polis;3303906;   706; 230,57503;2020-06-16;0,1034;  73;  306191;FALSE; 88;city;RJ
Pinheiral;3303955;    87; 345,84195;2020-06-16;0,0115;   1;   25156;FALSE; 60;city;RJ
PiraÃ­;3304003;   150; 512,34758;2020-06-16;0,0400;   6;   29277;FALSE; 66;city;RJ
PorciÃºncula;3304102;    62; 328,96482;2020-06-16;0,0161;   1;   18847;FALSE; 75;city;RJ
Porto Real;3304110;    26; 132,09368;2020-06-16;0,0000;   0;   19683;FALSE; 71;city;RJ
Quatis;3304128;    19; 132,84855;2020-06-16;0,0000;   0;   14302;FALSE; 71;city;RJ
Queimados;3304144;  1311; 872,14524;2020-06-16;0,0168;  22;  150319;FALSE; 79;city;RJ
QuissamÃ£;3304151;   132; 534,41296;2020-06-16;0,0076;   1;   24700;FALSE; 63;city;RJ
Resende;3304201;   273; 207,85589;2020-06-16;0,0696;  19;  131341;FALSE; 84;city;RJ
Rio Bonito;3304300;   313; 519,92492;2020-06-16;0,0415;  13;   60201;FALSE; 79;city;RJ
Rio Claro;3304409;    99; 534,29759;2020-06-16;0,0000;   0;   18529;FALSE; 32;city;RJ
Rio das Flores;3304508;     6;  64,62732;2020-06-16;0,1667;   1;    9284;FALSE; 70;city;RJ
Rio das Ostras;3304524;   587; 389,58281;2020-06-16;0,0443;  26;  150674;FALSE; 80;city;RJ
Rio de Janeiro;3304557; 43874; 652,99350;2020-06-16;0,1194;5239; 6718903;FALSE; 95;city;RJ
Santa Maria Madalena;3304607;     9;  86,50519;2020-06-16;0,0000;   0;   10404;FALSE; 52;city;RJ
Santo AntÃ´nio de PÃ¡dua;3304706;   228; 536,73580;2020-06-16;0,0132;   3;   42479;FALSE; 58;city;RJ
SÃ£o FidÃ©lis;3304805;   129; 333,60056;2020-06-16;0,0000;   0;   38669;FALSE; 66;city;RJ
SÃ£o Francisco de Itabapoana;3304755;   112; 265,37140;2020-06-16;0,0804;   9;   42205;FALSE; 68;city;RJ
SÃ£o GonÃ§alo;3304904;  3106; 286,30977;2020-06-16;0,0943; 293; 1084839;FALSE; 86;city;RJ
SÃ£o JoÃ£o da Barra;3305000;   169; 468,11811;2020-06-16;0,0414;   7;   36102;FALSE; 73;city;RJ
SÃ£o JoÃ£o de Meriti;3305109;  1330; 281,53749;2020-06-16;0,1180; 157;  472406;FALSE; 79;city;RJ
SÃ£o JosÃ© de UbÃ¡;3305133;    72;1004,04407;2020-06-16;0,0000;   0;    7171;FALSE; 52;city;RJ
SÃ£o JosÃ© do Vale do Rio Preto;3305158;   122; 559,76141;2020-06-16;0,0082;   1;   21795;FALSE; 51;city;RJ
SÃ£o Pedro da Aldeia;3305208;   265; 253,64677;2020-06-16;0,0226;   6;  104476;FALSE; 78;city;RJ
SÃ£o SebastiÃ£o do Alto;3305307;    11; 117,55905;2020-06-16;0,0909;   1;    9357;FALSE; 54;city;RJ
Sapucaia;3305406;   133; 729,64670;2020-06-16;0,0827;  11;   18228;FALSE; 71;city;RJ
Saquarema;3305505;   155; 173,82528;2020-06-16;0,1097;  17;   89170;FALSE; 66;city;RJ
SeropÃ©dica;3305554;   350; 425,21139;2020-06-16;0,0543;  19;   82312;FALSE; 80;city;RJ
Silva Jardim;3305604;    82; 376,59594;2020-06-16;0,0488;   4;   21774;FALSE; 63;city;RJ
Sumidouro;3305703;    17; 108,81393;2020-06-16;0,1176;   2;   15623;FALSE; 69;city;RJ
TanguÃ¡;3305752;   240; 699,52491;2020-06-16;0,0958;  23;   34309;FALSE; 73;city;RJ
TeresÃ³polis;3305802;   724; 396,50810;2020-06-16;0,0539;  39;  182594;FALSE; 79;city;RJ
Trajano de Moraes;3305901;    30; 282,32637;2020-06-16;0,0000;   0;   10626;FALSE; 73;city;RJ
TrÃªs Rios;3306008;   250; 305,60853;2020-06-16;0,0160;   4;   81804;FALSE; 75;city;RJ
ValenÃ§a;3306107;   138; 180,33794;2020-06-16;0,0507;   7;   76523;FALSE; 84;city;RJ
Varre-Sai;3306156;    24; 218,18182;2020-06-16;0,0000;   0;   11000;FALSE; 30;city;RJ
Vassouras;3306206;   190; 514,96097;2020-06-16;0,0684;  13;   36896;FALSE; 55;city;RJ
Volta Redonda;3306305;  1161; 425,25603;2020-06-16;0,0439;  51;  273012;FALSE; 85;city;RJ
NA;33; 83343; 482,72966;2020-06-16;0,0956;7967;17264943;FALSE; 96;state;RJ
Angra dos Reis;3300100;  1492; 732,14417;2020-06-15;0,0389;  58;  203785;FALSE; 78;city;RJ
AperibÃ©;3300159;    42; 357,17323;2020-06-15;0,0000;   0;   11759;FALSE; 54;city;RJ
Araruama;3300209;   257; 194,10876;2020-06-15;0,1128;  29;  132400;FALSE; 74;city;RJ
Areal;3300225;    60; 477,25103;2020-06-15;0,0167;   1;   12572;FALSE; 62;city;RJ
ArmaÃ§Ã£o dos BÃºzios;3300233;   117; 345,43844;2020-06-15;0,0342;   4;   33870;FALSE; 63;city;RJ
Arraial do Cabo;3300258;    51; 168,04508;2020-06-15;0,0784;   4;   30349;FALSE; 76;city;RJ
Barra do PiraÃ­;3300308;   330; 328,77040;2020-06-15;0,0636;  21;  100374;FALSE; 74;city;RJ
Barra Mansa;3300407;   283; 153,46073;2020-06-15;0,0813;  23;  184412;FALSE; 95;city;RJ
Belford Roxo;3300456;  1094; 214,12941;2020-06-15;0,1362; 149;  510906;FALSE; 82;city;RJ
Bom Jardim;3300506;    33; 120,23610;2020-06-15;0,0606;   2;   27446;FALSE; 70;city;RJ
Bom Jesus do Itabapoana;3300605;    88; 237,22234;2020-06-15;0,0227;   2;   37096;FALSE; 67;city;RJ
Cabo Frio;3300704;   563; 248,53769;2020-06-15;0,0462;  26;  226525;FALSE; 70;city;RJ
Cachoeiras de Macacu;3300803;   190; 322,37813;2020-06-15;0,0947;  18;   58937;FALSE; 67;city;RJ
Cambuci;3300902;    42; 270,88036;2020-06-15;0,0000;   0;   15505;FALSE; 33;city;RJ
Campos dos Goytacazes;3301009;  1215; 239,38623;2020-06-15;0,0486;  59;  507548;FALSE; 84;city;RJ
Cantagalo;3301108;     8;  39,65893;2020-06-15;0,1250;   1;   20172;FALSE; 68;city;RJ
Carapebus;3300936;    60; 368,07558;2020-06-15;0,0167;   1;   16301;FALSE; 62;city;RJ
Cardoso Moreira;3301157;    44; 343,13343;2020-06-15;0,0000;   0;   12823;FALSE; 39;city;RJ
Carmo;3301207;    48; 254,03546;2020-06-15;0,0417;   2;   18895;FALSE; 45;city;RJ
Casimiro de Abreu;3301306;   243; 549,97284;2020-06-15;0,0288;   7;   44184;FALSE; 70;city;RJ
Comendador Levy Gasparian;3300951;    22; 256,97932;2020-06-15;0,0000;   0;    8561;FALSE; 29;city;RJ
ConceiÃ§Ã£o de Macabu;3301405;   116; 499,39728;2020-06-15;0,0086;   1;   23228;FALSE; 55;city;RJ
Cordeiro;3301504;    47; 214,35738;2020-06-15;0,0000;   0;   21926;FALSE; 51;city;RJ
Duas Barras;3301603;     6;  52,21023;2020-06-15;0,0000;   0;   11492;FALSE; 20;city;RJ
Duque de Caxias;3301702;  2218; 241,19287;2020-06-15;0,1537; 341;  919596;FALSE; 84;city;RJ
Engenheiro Paulo de Frontin;3301801;    24; 171,40409;2020-06-15;0,0833;   2;   14002;FALSE; 42;city;RJ
Guapimirim;3301850;   565; 933,62196;2020-06-15;0,0496;  28;   60517;FALSE; 89;city;RJ
Iguaba Grande;3301876;   114; 402,68456;2020-06-15;0,1667;  19;   28310;FALSE; 74;city;RJ
Importados/Indefinidos;NA;     0;NA;2020-06-15;0,0000;   0;NA;FALSE; 87;city;RJ
ItaboraÃ­;3301900;  1753; 728,61941;2020-06-15;0,0610; 107;  240592;FALSE; 81;city;RJ
ItaguaÃ­;3302007;   916; 688,62343;2020-06-15;0,0644;  59;  133019;FALSE; 75;city;RJ
Italva;3302056;   101; 664,16782;2020-06-15;0,0297;   3;   15207;FALSE; 50;city;RJ
Itaocara;3302106;    70; 301,28260;2020-06-15;0,0571;   4;   23234;FALSE; 46;city;RJ
Itaperuna;3302205;   318; 308,06789;2020-06-15;0,0031;   1;  103224;FALSE; 72;city;RJ
Itatiaia;3302254;    12;  37,72992;2020-06-15;0,0000;   0;   31805;FALSE; 67;city;RJ
Japeri;3302270;   129; 123,12920;2020-06-15;0,1085;  14;  104768;FALSE; 70;city;RJ
Laje do MuriaÃ©;3302304;    68; 924,54113;2020-06-15;0,0000;   0;    7355;FALSE; 36;city;RJ
MacaÃ©;3302403;  1584; 617,13003;2020-06-15;0,0341;  54;  256672;FALSE; 77;city;RJ
Macuco;3302452;     4;  71,44133;2020-06-15;0,0000;   0;    5599;FALSE; 54;city;RJ
MagÃ©;3302502;  1209; 493,32642;2020-06-15;0,0926; 112;  245071;FALSE; 75;city;RJ
Mangaratiba;3302601;   183; 411,53189;2020-06-15;0,0383;   7;   44468;FALSE; 80;city;RJ
MaricÃ¡;3302700;   841; 521,68950;2020-06-15;0,0476;  40;  161207;FALSE; 79;city;RJ
Mendes;3302809;    41; 220,26432;2020-06-15;0,0488;   2;   18614;FALSE; 62;city;RJ
Mesquita;3302858;   545; 309,47798;2020-06-15;0,1706;  93;  176103;FALSE; 75;city;RJ
Miguel Pereira;3302908;    35; 137,05067;2020-06-15;0,0857;   3;   25538;FALSE; 88;city;RJ
Miracema;3303005;    63; 231,83926;2020-06-15;0,0000;   0;   27174;FALSE; 47;city;RJ
Natividade;3303104;    82; 535,35288;2020-06-15;0,0122;   1;   15317;FALSE; 39;city;RJ
NilÃ³polis;3303203;   494; 304,02806;2020-06-15;0,1134;  56;  162485;FALSE; 74;city;RJ
NiterÃ³i;3303302;  4671; 909,49095;2020-06-15;0,0313; 146;  513584;FALSE; 92;city;RJ
Nova Friburgo;3303401;   292; 153,17551;2020-06-15;0,0959;  28;  190631;FALSE; 73;city;RJ
Nova IguaÃ§u;3303500;  2579; 314,08014;2020-06-15;0,1082; 279;  821128;FALSE; 80;city;RJ
Paracambi;3303609;   304; 581,74025;2020-06-15;0,0592;  18;   52257;FALSE; 67;city;RJ
ParaÃ­ba do Sul;3303708;   205; 462,91069;2020-06-15;0,0390;   8;   44285;FALSE; 73;city;RJ
Paraty;3303807;   147; 340,55369;2020-06-15;0,0476;   7;   43165;FALSE; 68;city;RJ
Paty do Alferes;3303856;    33; 118,83755;2020-06-15;0,1212;   4;   27769;FALSE; 68;city;RJ
PetrÃ³polis;3303906;   685; 223,71657;2020-06-15;0,0934;  64;  306191;FALSE; 87;city;RJ
Pinheiral;3303955;    85; 337,89156;2020-06-15;0,0118;   1;   25156;FALSE; 59;city;RJ
PiraÃ­;3304003;   154; 526,01018;2020-06-15;0,0390;   6;   29277;FALSE; 65;city;RJ
PorciÃºncula;3304102;    57; 302,43540;2020-06-15;0,0175;   1;   18847;FALSE; 74;city;RJ
Porto Real;3304110;    26; 132,09368;2020-06-15;0,0000;   0;   19683;FALSE; 70;city;RJ
Quatis;3304128;    16; 111,87247;2020-06-15;0,0000;   0;   14302;FALSE; 70;city;RJ
Queimados;3304144;  1306; 868,81898;2020-06-15;0,0153;  20;  150319;FALSE; 78;city;RJ
QuissamÃ£;3304151;   133; 538,46154;2020-06-15;0,0075;   1;   24700;FALSE; 62;city;RJ
Resende;3304201;   275; 209,37864;2020-06-15;0,0691;  19;  131341;FALSE; 83;city;RJ
Rio Bonito;3304300;   284; 471,75296;2020-06-15;0,0458;  13;   60201;FALSE; 78;city;RJ
Rio Claro;3304409;    94; 507,31286;2020-06-15;0,0000;   0;   18529;FALSE; 31;city;RJ
Rio das Flores;3304508;     6;  64,62732;2020-06-15;0,1667;   1;    9284;FALSE; 69;city;RJ
Rio das Ostras;3304524;   597; 396,21965;2020-06-15;0,0436;  26;  150674;FALSE; 79;city;RJ
Rio de Janeiro;3304557; 42385; 630,83215;2020-06-15;0,1201;5090; 6718903;FALSE; 94;city;RJ
Santa Maria Madalena;3304607;     8;  76,89350;2020-06-15;0,0000;   0;   10404;FALSE; 51;city;RJ
Santo AntÃ´nio de PÃ¡dua;3304706;   222; 522,61117;2020-06-15;0,0135;   3;   42479;FALSE; 57;city;RJ
SÃ£o FidÃ©lis;3304805;   125; 323,25636;2020-06-15;0,0000;   0;   38669;FALSE; 65;city;RJ
SÃ£o Francisco de Itabapoana;3304755;   112; 265,37140;2020-06-15;0,0804;   9;   42205;FALSE; 67;city;RJ
SÃ£o GonÃ§alo;3304904;  2946; 271,56103;2020-06-15;0,0947; 279; 1084839;FALSE; 85;city;RJ
SÃ£o JoÃ£o da Barra;3305000;   167; 462,57825;2020-06-15;0,0419;   7;   36102;FALSE; 72;city;RJ
SÃ£o JoÃ£o de Meriti;3305109;  1321; 279,63235;2020-06-15;0,1158; 153;  472406;FALSE; 78;city;RJ
SÃ£o JosÃ© de UbÃ¡;3305133;    69; 962,20890;2020-06-15;0,0000;   0;    7171;FALSE; 51;city;RJ
SÃ£o JosÃ© do Vale do Rio Preto;3305158;   120; 550,58500;2020-06-15;0,0083;   1;   21795;FALSE; 50;city;RJ
SÃ£o Pedro da Aldeia;3305208;   262; 250,77530;2020-06-15;0,0191;   5;  104476;FALSE; 77;city;RJ
SÃ£o SebastiÃ£o do Alto;3305307;    13; 138,93342;2020-06-15;0,0769;   1;    9357;FALSE; 53;city;RJ
Sapucaia;3305406;   127; 696,73031;2020-06-15;0,0866;  11;   18228;FALSE; 70;city;RJ
Saquarema;3305505;   152; 170,46092;2020-06-15;0,1118;  17;   89170;FALSE; 65;city;RJ
SeropÃ©dica;3305554;   338; 410,63271;2020-06-15;0,0503;  17;   82312;FALSE; 79;city;RJ
Silva Jardim;3305604;    85; 390,37384;2020-06-15;0,0471;   4;   21774;FALSE; 62;city;RJ
Sumidouro;3305703;    19; 121,61557;2020-06-15;0,1053;   2;   15623;FALSE; 68;city;RJ
TanguÃ¡;3305752;   241; 702,43959;2020-06-15;0,0871;  21;   34309;FALSE; 72;city;RJ
TeresÃ³polis;3305802;   750; 410,74734;2020-06-15;0,0520;  39;  182594;FALSE; 78;city;RJ
Trajano de Moraes;3305901;    30; 282,32637;2020-06-15;0,0000;   0;   10626;FALSE; 72;city;RJ
TrÃªs Rios;3306008;   235; 287,27202;2020-06-15;0,0128;   3;   81804;FALSE; 74;city;RJ
ValenÃ§a;3306107;   131; 171,19036;2020-06-15;0,0534;   7;   76523;FALSE; 83;city;RJ
Varre-Sai;3306156;    17; 154,54545;2020-06-15;0,0000;   0;   11000;FALSE; 29;city;RJ
Vassouras;3306206;   174; 471,59584;2020-06-15;0,0690;  12;   36896;FALSE; 54;city;RJ
Volta Redonda;3306305;  1128; 413,16865;2020-06-15;0,0452;  51;  273012;FALSE; 84;city;RJ
NA;33; 80946; 468,84603;2020-06-15;0,0955;7728;17264943;FALSE; 95;state;RJ
Angra dos Reis;3300100;  1475; 723,80205;2020-06-14;0,0380;  56;  203785;FALSE; 77;city;RJ
AperibÃ©;3300159;    38; 323,15673;2020-06-14;0,0000;   0;   11759;FALSE; 53;city;RJ
Araruama;3300209;   257; 194,10876;2020-06-14;0,1128;  29;  132400;FALSE; 73;city;RJ
Areal;3300225;    60; 477,25103;2020-06-14;0,0167;   1;   12572;FALSE; 61;city;RJ
ArmaÃ§Ã£o dos BÃºzios;3300233;   117; 345,43844;2020-06-14;0,0342;   4;   33870;FALSE; 62;city;RJ
Arraial do Cabo;3300258;    51; 168,04508;2020-06-14;0,0784;   4;   30349;FALSE; 75;city;RJ
Barra do PiraÃ­;3300308;   313; 311,83374;2020-06-14;0,0671;  21;  100374;FALSE; 73;city;RJ
Barra Mansa;3300407;   280; 151,83394;2020-06-14;0,0821;  23;  184412;FALSE; 94;city;RJ
Belford Roxo;3300456;  1088; 212,95502;2020-06-14;0,1369; 149;  510906;FALSE; 81;city;RJ
Bom Jardim;3300506;    33; 120,23610;2020-06-14;0,0606;   2;   27446;FALSE; 69;city;RJ
Bom Jesus do Itabapoana;3300605;    86; 231,83093;2020-06-14;0,0233;   2;   37096;FALSE; 66;city;RJ
Cabo Frio;3300704;   562; 248,09624;2020-06-14;0,0463;  26;  226525;FALSE; 69;city;RJ
Cachoeiras de Macacu;3300803;   189; 320,68141;2020-06-14;0,0952;  18;   58937;FALSE; 66;city;RJ
Cambuci;3300902;    42; 270,88036;2020-06-14;0,0000;   0;   15505;FALSE; 32;city;RJ
Campos dos Goytacazes;3301009;  1213; 238,99217;2020-06-14;0,0486;  59;  507548;FALSE; 83;city;RJ
Cantagalo;3301108;     7;  34,70157;2020-06-14;0,1429;   1;   20172;FALSE; 67;city;RJ
Carapebus;3300936;    58; 355,80639;2020-06-14;0,0172;   1;   16301;FALSE; 61;city;RJ
Cardoso Moreira;3301157;    42; 327,53646;2020-06-14;0,0000;   0;   12823;FALSE; 38;city;RJ
Carmo;3301207;    37; 195,81900;2020-06-14;0,0541;   2;   18895;FALSE; 44;city;RJ
Casimiro de Abreu;3301306;   242; 547,70958;2020-06-14;0,0289;   7;   44184;FALSE; 69;city;RJ
Comendador Levy Gasparian;3300951;    22; 256,97932;2020-06-14;0,0000;   0;    8561;FALSE; 28;city;RJ
ConceiÃ§Ã£o de Macabu;3301405;   116; 499,39728;2020-06-14;0,0086;   1;   23228;FALSE; 54;city;RJ
Cordeiro;3301504;    47; 214,35738;2020-06-14;0,0000;   0;   21926;FALSE; 50;city;RJ
Duas Barras;3301603;     5;  43,50853;2020-06-14;0,0000;   0;   11492;FALSE; 19;city;RJ
Duque de Caxias;3301702;  2193; 238,47429;2020-06-14;0,1560; 342;  919596;FALSE; 83;city;RJ
Engenheiro Paulo de Frontin;3301801;    24; 171,40409;2020-06-14;0,0833;   2;   14002;FALSE; 41;city;RJ
Guapimirim;3301850;   544; 898,92096;2020-06-14;0,0515;  28;   60517;FALSE; 88;city;RJ
Iguaba Grande;3301876;   114; 402,68456;2020-06-14;0,1667;  19;   28310;FALSE; 73;city;RJ
Importados/Indefinidos;NA;     0;NA;2020-06-14;0,0000;   0;NA;FALSE; 86;city;RJ
ItaboraÃ­;3301900;  1716; 713,24067;2020-06-14;0,0624; 107;  240592;FALSE; 80;city;RJ
ItaguaÃ­;3302007;   869; 653,29013;2020-06-14;0,0679;  59;  133019;FALSE; 74;city;RJ
Italva;3302056;   101; 664,16782;2020-06-14;0,0297;   3;   15207;FALSE; 49;city;RJ
Itaocara;3302106;    67; 288,37049;2020-06-14;0,0597;   4;   23234;FALSE; 45;city;RJ
Itaperuna;3302205;   316; 306,13036;2020-06-14;0,0032;   1;  103224;FALSE; 71;city;RJ
Itatiaia;3302254;    12;  37,72992;2020-06-14;0,0000;   0;   31805;FALSE; 66;city;RJ
Japeri;3302270;   128; 122,17471;2020-06-14;0,1094;  14;  104768;FALSE; 69;city;RJ
Laje do MuriaÃ©;3302304;    68; 924,54113;2020-06-14;0,0000;   0;    7355;FALSE; 35;city;RJ
MacaÃ©;3302403;  1462; 569,59855;2020-06-14;0,0369;  54;  256672;FALSE; 76;city;RJ
Macuco;3302452;     4;  71,44133;2020-06-14;0,0000;   0;    5599;FALSE; 53;city;RJ
MagÃ©;3302502;  1185; 483,53334;2020-06-14;0,0945; 112;  245071;FALSE; 74;city;RJ
Mangaratiba;3302601;   182; 409,28308;2020-06-14;0,0385;   7;   44468;FALSE; 79;city;RJ
MaricÃ¡;3302700;   799; 495,63605;2020-06-14;0,0501;  40;  161207;FALSE; 78;city;RJ
Mendes;3302809;    41; 220,26432;2020-06-14;0,0488;   2;   18614;FALSE; 61;city;RJ
Mesquita;3302858;   544; 308,91013;2020-06-14;0,1710;  93;  176103;FALSE; 74;city;RJ
Miguel Pereira;3302908;    34; 133,13494;2020-06-14;0,0882;   3;   25538;FALSE; 87;city;RJ
Miracema;3303005;    63; 231,83926;2020-06-14;0,0000;   0;   27174;FALSE; 46;city;RJ
Natividade;3303104;    72; 470,06594;2020-06-14;0,0139;   1;   15317;FALSE; 38;city;RJ
NilÃ³polis;3303203;   485; 298,48909;2020-06-14;0,1134;  55;  162485;FALSE; 73;city;RJ
NiterÃ³i;3303302;  4572; 890,21465;2020-06-14;0,0319; 146;  513584;FALSE; 91;city;RJ
Nova Friburgo;3303401;   291; 152,65093;2020-06-14;0,0962;  28;  190631;FALSE; 72;city;RJ
Nova IguaÃ§u;3303500;  2557; 311,40090;2020-06-14;0,1087; 278;  821128;FALSE; 79;city;RJ
Paracambi;3303609;   304; 581,74025;2020-06-14;0,0592;  18;   52257;FALSE; 66;city;RJ
ParaÃ­ba do Sul;3303708;   197; 444,84588;2020-06-14;0,0406;   8;   44285;FALSE; 72;city;RJ
Paraty;3303807;   146; 338,23700;2020-06-14;0,0479;   7;   43165;FALSE; 67;city;RJ
Paty do Alferes;3303856;    33; 118,83755;2020-06-14;0,1212;   4;   27769;FALSE; 67;city;RJ
PetrÃ³polis;3303906;   673; 219,79745;2020-06-14;0,0951;  64;  306191;FALSE; 86;city;RJ
Pinheiral;3303955;    85; 337,89156;2020-06-14;0,0118;   1;   25156;FALSE; 58;city;RJ
PiraÃ­;3304003;   150; 512,34758;2020-06-14;0,0400;   6;   29277;FALSE; 64;city;RJ
PorciÃºncula;3304102;    56; 297,12952;2020-06-14;0,0179;   1;   18847;FALSE; 73;city;RJ
Porto Real;3304110;    26; 132,09368;2020-06-14;0,0000;   0;   19683;FALSE; 69;city;RJ
Quatis;3304128;    16; 111,87247;2020-06-14;0,0000;   0;   14302;FALSE; 69;city;RJ
Queimados;3304144;  1301; 865,49272;2020-06-14;0,0154;  20;  150319;FALSE; 77;city;RJ
QuissamÃ£;3304151;   126; 510,12146;2020-06-14;0,0079;   1;   24700;FALSE; 61;city;RJ
Resende;3304201;   275; 209,37864;2020-06-14;0,0691;  19;  131341;FALSE; 82;city;RJ
Rio Bonito;3304300;   284; 471,75296;2020-06-14;0,0458;  13;   60201;FALSE; 77;city;RJ
Rio Claro;3304409;    93; 501,91592;2020-06-14;0,0000;   0;   18529;FALSE; 30;city;RJ
Rio das Flores;3304508;     6;  64,62732;2020-06-14;0,1667;   1;    9284;FALSE; 68;city;RJ
Rio das Ostras;3304524;   591; 392,23755;2020-06-14;0,0440;  26;  150674;FALSE; 78;city;RJ
Rio de Janeiro;3304557; 41768; 621,64910;2020-06-14;0,1207;5043; 6718903;FALSE; 93;city;RJ
Santa Maria Madalena;3304607;     8;  76,89350;2020-06-14;0,0000;   0;   10404;FALSE; 50;city;RJ
Santo AntÃ´nio de PÃ¡dua;3304706;   219; 515,54886;2020-06-14;0,0137;   3;   42479;FALSE; 56;city;RJ
SÃ£o FidÃ©lis;3304805;   125; 323,25636;2020-06-14;0,0000;   0;   38669;FALSE; 64;city;RJ
SÃ£o Francisco de Itabapoana;3304755;   106; 251,15508;2020-06-14;0,0755;   8;   42205;FALSE; 66;city;RJ
SÃ£o GonÃ§alo;3304904;  2890; 266,39898;2020-06-14;0,0965; 279; 1084839;FALSE; 84;city;RJ
SÃ£o JoÃ£o da Barra;3305000;   161; 445,95867;2020-06-14;0,0435;   7;   36102;FALSE; 71;city;RJ
SÃ£o JoÃ£o de Meriti;3305109;  1283; 271,58842;2020-06-14;0,1177; 151;  472406;FALSE; 77;city;RJ
SÃ£o JosÃ© de UbÃ¡;3305133;    69; 962,20890;2020-06-14;0,0000;   0;    7171;FALSE; 50;city;RJ
SÃ£o JosÃ© do Vale do Rio Preto;3305158;   115; 527,64396;2020-06-14;0,0087;   1;   21795;FALSE; 49;city;RJ
SÃ£o Pedro da Aldeia;3305208;   260; 248,86098;2020-06-14;0,0231;   6;  104476;FALSE; 76;city;RJ
SÃ£o SebastiÃ£o do Alto;3305307;    11; 117,55905;2020-06-14;0,0909;   1;    9357;FALSE; 52;city;RJ
Sapucaia;3305406;   127; 696,73031;2020-06-14;0,0866;  11;   18228;FALSE; 69;city;RJ
Saquarema;3305505;   151; 169,33946;2020-06-14;0,1126;  17;   89170;FALSE; 64;city;RJ
SeropÃ©dica;3305554;   329; 399,69871;2020-06-14;0,0517;  17;   82312;FALSE; 78;city;RJ
Silva Jardim;3305604;    85; 390,37384;2020-06-14;0,0471;   4;   21774;FALSE; 61;city;RJ
Sumidouro;3305703;    19; 121,61557;2020-06-14;0,1053;   2;   15623;FALSE; 67;city;RJ
TanguÃ¡;3305752;   235; 684,95147;2020-06-14;0,0894;  21;   34309;FALSE; 71;city;RJ
TeresÃ³polis;3305802;   720; 394,31745;2020-06-14;0,0542;  39;  182594;FALSE; 77;city;RJ
Trajano de Moraes;3305901;    30; 282,32637;2020-06-14;0,0000;   0;   10626;FALSE; 71;city;RJ
TrÃªs Rios;3306008;   235; 287,27202;2020-06-14;0,0128;   3;   81804;FALSE; 73;city;RJ
ValenÃ§a;3306107;   131; 171,19036;2020-06-14;0,0534;   7;   76523;FALSE; 82;city;RJ
Varre-Sai;3306156;    17; 154,54545;2020-06-14;0,0000;   0;   11000;FALSE; 28;city;RJ
Vassouras;3306206;   169; 458,04423;2020-06-14;0,0651;  11;   36896;FALSE; 53;city;RJ
Volta Redonda;3306305;  1124; 411,70351;2020-06-14;0,0427;  48;  273012;FALSE; 83;city;RJ
NA;33; 79572; 460,88771;2020-06-14;0,0964;7672;17264943;FALSE; 94;state;RJ
Angra dos Reis;3300100;  1469; 720,85777;2020-06-13;0,0381;  56;  203785;FALSE; 76;city;RJ
AperibÃ©;3300159;    37; 314,65261;2020-06-13;0,0000;   0;   11759;FALSE; 52;city;RJ
Araruama;3300209;   257; 194,10876;2020-06-13;0,1128;  29;  132400;FALSE; 72;city;RJ
Areal;3300225;    53; 421,57175;2020-06-13;0,0189;   1;   12572;FALSE; 60;city;RJ
ArmaÃ§Ã£o dos BÃºzios;3300233;   116; 342,48598;2020-06-13;0,0345;   4;   33870;FALSE; 61;city;RJ
Arraial do Cabo;3300258;    51; 168,04508;2020-06-13;0,0784;   4;   30349;FALSE; 74;city;RJ
Barra do PiraÃ­;3300308;   295; 293,90081;2020-06-13;0,0712;  21;  100374;FALSE; 72;city;RJ
Barra Mansa;3300407;   280; 151,83394;2020-06-13;0,0821;  23;  184412;FALSE; 93;city;RJ
Belford Roxo;3300456;  1080; 211,38918;2020-06-13;0,1370; 148;  510906;FALSE; 80;city;RJ
Bom Jardim;3300506;    32; 116,59258;2020-06-13;0,0625;   2;   27446;FALSE; 68;city;RJ
Bom Jesus do Itabapoana;3300605;    80; 215,65667;2020-06-13;0,0250;   2;   37096;FALSE; 65;city;RJ
Cabo Frio;3300704;   560; 247,21333;2020-06-13;0,0464;  26;  226525;FALSE; 68;city;RJ
Cachoeiras de Macacu;3300803;   188; 318,98468;2020-06-13;0,0957;  18;   58937;FALSE; 65;city;RJ
Cambuci;3300902;    42; 270,88036;2020-06-13;0,0000;   0;   15505;FALSE; 31;city;RJ
Campos dos Goytacazes;3301009;  1208; 238,00705;2020-06-13;0,0488;  59;  507548;FALSE; 82;city;RJ
Cantagalo;3301108;     7;  34,70157;2020-06-13;0,1429;   1;   20172;FALSE; 66;city;RJ
Carapebus;3300936;    58; 355,80639;2020-06-13;0,0172;   1;   16301;FALSE; 60;city;RJ
Cardoso Moreira;3301157;    41; 319,73797;2020-06-13;0,0000;   0;   12823;FALSE; 37;city;RJ
Carmo;3301207;    35; 185,23419;2020-06-13;0,0571;   2;   18895;FALSE; 43;city;RJ
Casimiro de Abreu;3301306;   240; 543,18305;2020-06-13;0,0292;   7;   44184;FALSE; 68;city;RJ
Comendador Levy Gasparian;3300951;    22; 256,97932;2020-06-13;0,0000;   0;    8561;FALSE; 27;city;RJ
ConceiÃ§Ã£o de Macabu;3301405;   115; 495,09213;2020-06-13;0,0087;   1;   23228;FALSE; 53;city;RJ
Cordeiro;3301504;    46; 209,79659;2020-06-13;0,0000;   0;   21926;FALSE; 49;city;RJ
Duas Barras;3301603;     5;  43,50853;2020-06-13;0,0000;   0;   11492;FALSE; 18;city;RJ
Duque de Caxias;3301702;  2165; 235,42947;2020-06-13;0,1561; 338;  919596;FALSE; 82;city;RJ
Engenheiro Paulo de Frontin;3301801;    24; 171,40409;2020-06-13;0,0833;   2;   14002;FALSE; 40;city;RJ
Guapimirim;3301850;   535; 884,04911;2020-06-13;0,0523;  28;   60517;FALSE; 87;city;RJ
Iguaba Grande;3301876;   111; 392,08760;2020-06-13;0,1712;  19;   28310;FALSE; 72;city;RJ
Importados/Indefinidos;NA;     0;NA;2020-06-13;0,0000;   0;NA;FALSE; 85;city;RJ
ItaboraÃ­;3301900;  1707; 709,49990;2020-06-13;0,0609; 104;  240592;FALSE; 79;city;RJ
ItaguaÃ­;3302007;   860; 646,52418;2020-06-13;0,0686;  59;  133019;FALSE; 73;city;RJ
Italva;3302056;   100; 657,59190;2020-06-13;0,0300;   3;   15207;FALSE; 48;city;RJ
Itaocara;3302106;    67; 288,37049;2020-06-13;0,0597;   4;   23234;FALSE; 44;city;RJ
Itaperuna;3302205;   316; 306,13036;2020-06-13;0,0032;   1;  103224;FALSE; 70;city;RJ
Itatiaia;3302254;    12;  37,72992;2020-06-13;0,0000;   0;   31805;FALSE; 65;city;RJ
Japeri;3302270;   126; 120,26573;2020-06-13;0,1111;  14;  104768;FALSE; 68;city;RJ
Laje do MuriaÃ©;3302304;    68; 924,54113;2020-06-13;0,0000;   0;    7355;FALSE; 34;city;RJ
MacaÃ©;3302403;  1473; 573,88418;2020-06-13;0,0339;  50;  256672;FALSE; 75;city;RJ
Macuco;3302452;     4;  71,44133;2020-06-13;0,0000;   0;    5599;FALSE; 52;city;RJ
MagÃ©;3302502;  1168; 476,59658;2020-06-13;0,0959; 112;  245071;FALSE; 73;city;RJ
Mangaratiba;3302601;   180; 404,78546;2020-06-13;0,0389;   7;   44468;FALSE; 78;city;RJ
MaricÃ¡;3302700;   794; 492,53444;2020-06-13;0,0504;  40;  161207;FALSE; 77;city;RJ
Mendes;3302809;    41; 220,26432;2020-06-13;0,0488;   2;   18614;FALSE; 60;city;RJ
Mesquita;3302858;   534; 303,23163;2020-06-13;0,1610;  86;  176103;FALSE; 73;city;RJ
Miguel Pereira;3302908;    34; 133,13494;2020-06-13;0,0882;   3;   25538;FALSE; 86;city;RJ
Miracema;3303005;    62; 228,15927;2020-06-13;0,0000;   0;   27174;FALSE; 45;city;RJ
Natividade;3303104;    66; 430,89378;2020-06-13;0,0152;   1;   15317;FALSE; 37;city;RJ
NilÃ³polis;3303203;   481; 296,02733;2020-06-13;0,1143;  55;  162485;FALSE; 72;city;RJ
NiterÃ³i;3303302;  4515; 879,11617;2020-06-13;0,0323; 146;  513584;FALSE; 90;city;RJ
Nova Friburgo;3303401;   290; 152,12636;2020-06-13;0,0931;  27;  190631;FALSE; 71;city;RJ
Nova IguaÃ§u;3303500;  2541; 309,45236;2020-06-13;0,1078; 274;  821128;FALSE; 78;city;RJ
Paracambi;3303609;   304; 581,74025;2020-06-13;0,0592;  18;   52257;FALSE; 65;city;RJ
ParaÃ­ba do Sul;3303708;   184; 415,49057;2020-06-13;0,0380;   7;   44285;FALSE; 71;city;RJ
Paraty;3303807;   143; 331,28692;2020-06-13;0,0490;   7;   43165;FALSE; 66;city;RJ
Paty do Alferes;3303856;    32; 115,23641;2020-06-13;0,1250;   4;   27769;FALSE; 66;city;RJ
PetrÃ³polis;3303906;   667; 217,83789;2020-06-13;0,0960;  64;  306191;FALSE; 85;city;RJ
Pinheiral;3303955;    83; 329,94117;2020-06-13;0,0120;   1;   25156;FALSE; 57;city;RJ
PiraÃ­;3304003;   150; 512,34758;2020-06-13;0,0400;   6;   29277;FALSE; 63;city;RJ
PorciÃºncula;3304102;    53; 281,21186;2020-06-13;0,0189;   1;   18847;FALSE; 72;city;RJ
